id,perusahaan,nama_mobil,transmisi,odo,tahun,harga
504,Bmw,318I,Automatic,140000,2003,98000000
1455,Bmw,318I,Automatic,135000,2003,93000000
1458,Bmw,318I,Automatic,190000,2003,95000000
1528,Bmw,318I,Automatic,175000,2000,72000000
410,Bmw,320I,Automatic,30000,2018,495000000
437,Bmw,320I,Automatic,55000,2016,470000000
512,Bmw,320I,Automatic,20000,2016,440000000
697,Bmw,320I,Automatic,45000,2015,368000000
457,Bmw,320I,Automatic,75000,2014,305000000
545,Bmw,320I,Automatic,95000,2014,355000000
1883,Bmw,320I,Automatic,115000,2014,323000000
513,Bmw,320I,Automatic,90000,2013,329000000
735,Bmw,320I,Automatic,30000,2013,315000000
505,Bmw,320I,Automatic,65000,2012,220000000
1113,Bmw,320I,Automatic,75000,2011,195000000
1431,Bmw,320I,Automatic,105000,2008,139000000
19,Bmw,320I,Automatic,125000,2006,120000000
256,Bmw,520I,Automatic,120000,2012,320000000
943,Chevrolet,Captiva,Automatic,105000,2013,158000000
255,Chevrolet,Captiva,Automatic,165000,2011,134000000
792,Chevrolet,Captiva,Automatic,100000,2011,135000000
497,Chevrolet,Captiva,Automatic,140000,2010,118000000
1759,Chevrolet,Others,Automatic,105000,2005,47000000
1449,Chevrolet,Spin,Manual,85000,2014,89000000
1661,Chevrolet,Spin,Manual,120000,2014,95500000
1384,Chevrolet,Spin,Automatic,70000,2013,107000000
1434,Chevrolet,Spin,Automatic,100000,2013,113000000
1642,Chevrolet,Spin,Automatic,145000,2013,99000000
1913,Chevrolet,Trax,Automatic,60000,2019,225000000
324,Chevrolet,Trax,Automatic,45000,2018,219000000
566,Chevrolet,Trax,Automatic,45000,2018,205000000
873,Chevrolet,Trax,Automatic,70000,2017,187000000
972,Chevrolet,Trax,Automatic,65000,2017,193000000
34,Chevrolet,Trax,Automatic,120000,2016,177000000
592,Chevrolet,Trax,Automatic,55000,2016,175000000
828,Chevrolet,Trax,Automatic,80000,2016,168000000
829,Chevrolet,Trax,Automatic,80000,2016,168000000
896,Chevrolet,Trax,Automatic,80000,2016,159000000
1097,Chevrolet,Trax,Automatic,95000,2016,179000000
569,Daihatsu,Ayla,Manual,10000,2021,123000000
1234,Daihatsu,Ayla,Manual,35000,2021,126000000
1241,Daihatsu,Ayla,Manual,35000,2021,126000000
1311,Daihatsu,Ayla,Automatic,35000,2021,139000000
1351,Daihatsu,Ayla,Manual,15000,2021,115000000
1403,Daihatsu,Ayla,Automatic,15000,2021,133000000
642,Daihatsu,Ayla,Manual,20000,2020,126000000
1246,Daihatsu,Ayla,Manual,5000,2020,116000000
1971,Daihatsu,Ayla,Manual,20000,2020,113000000
86,Daihatsu,Ayla,Manual,45000,2019,103000000
103,Daihatsu,Ayla,Manual,70000,2019,115000000
1197,Daihatsu,Ayla,Automatic,50000,2019,125000000
1199,Daihatsu,Ayla,Automatic,45000,2019,125000000
1200,Daihatsu,Ayla,Automatic,45000,2019,125000000
1201,Daihatsu,Ayla,Automatic,45000,2019,125000000
1203,Daihatsu,Ayla,Automatic,45000,2019,125000000
1345,Daihatsu,Ayla,Automatic,65000,2019,116000000
1448,Daihatsu,Ayla,Manual,20000,2019,94000000
1456,Daihatsu,Ayla,Manual,15000,2019,98000000
1597,Daihatsu,Ayla,Manual,55000,2019,96000000
1770,Daihatsu,Ayla,Manual,95000,2019,99000000
1797,Daihatsu,Ayla,Manual,20000,2019,94000000
484,Daihatsu,Ayla,Automatic,90000,2018,129000000
610,Daihatsu,Ayla,Automatic,50000,2018,120000000
676,Daihatsu,Ayla,Manual,30000,2018,110000000
1247,Daihatsu,Ayla,Manual,70000,2018,110000000
1389,Daihatsu,Ayla,Manual,50000,2018,117000000
1401,Daihatsu,Ayla,Automatic,55000,2018,128500000
1785,Daihatsu,Ayla,Automatic,50000,2018,120000000
1967,Daihatsu,Ayla,Automatic,95000,2018,129000000
331,Daihatsu,Ayla,Automatic,55000,2017,108000000
340,Daihatsu,Ayla,Automatic,55000,2017,108000000
460,Daihatsu,Ayla,Manual,70000,2017,92000000
532,Daihatsu,Ayla,Manual,70000,2017,111000000
1409,Daihatsu,Ayla,Automatic,30000,2017,104000000
1679,Daihatsu,Ayla,Manual,25000,2017,99000000
1749,Daihatsu,Ayla,Manual,50000,2017,86000000
560,Daihatsu,Ayla,Automatic,80000,2016,98000000
1491,Daihatsu,Ayla,Manual,110000,2016,80000000
1535,Daihatsu,Ayla,Manual,165000,2016,90000000
1652,Daihatsu,Ayla,Manual,75000,2016,91000000
1772,Daihatsu,Ayla,Manual,90000,2016,96000000
1911,Daihatsu,Ayla,Manual,75000,2016,95000000
1443,Daihatsu,Ayla,Automatic,115000,2015,83000000
1467,Daihatsu,Ayla,Manual,115000,2015,83000000
1539,Daihatsu,Ayla,Automatic,55000,2015,97000000
1541,Daihatsu,Ayla,Manual,115000,2015,88000000
1576,Daihatsu,Ayla,Manual,30000,2015,85000000
1653,Daihatsu,Ayla,Manual,65000,2015,91000000
634,Daihatsu,Ayla,Manual,30000,2014,74500000
1566,Daihatsu,Ayla,Manual,100000,2014,77000000
1710,Daihatsu,Ayla,Manual,90000,2014,81000000
1503,Daihatsu,Ayla,Manual,80000,2013,72000000
1721,Daihatsu,Gran Max,Manual,45000,2017,93000000
1472,Daihatsu,Gran Max,Manual,200000,2014,78500000
1581,Daihatsu,Gran Max,Manual,80000,2012,77000000
1765,Daihatsu,Gran Max,Manual,80000,2012,78000000
1517,Daihatsu,Gran Max,Manual,185000,2011,58000000
153,Daihatsu,Gran Max,Manual,105000,2009,85000000
637,Daihatsu,Others,Manual,10000,2022,190000000
1080,Daihatsu,Others,Automatic,60000,2019,171000000
584,Daihatsu,Others,Manual,70000,2017,146000000
722,Daihatsu,Others,Manual,90000,2017,105000000
1643,Daihatsu,Others,Manual,15000,2017,77000000
1560,Daihatsu,Others,Manual,185000,2003,63500000
1561,Daihatsu,Others,Manual,185000,2003,63500000
1562,Daihatsu,Others,Manual,185000,2003,63500000
1563,Daihatsu,Others,Manual,185000,2003,63500000
1571,Daihatsu,Others,Manual,185000,2003,63500000
1738,Daihatsu,Others,Manual,180000,2003,63500000
1677,Daihatsu,Others,Manual,230000,1999,47000000
76,Daihatsu,Others,Manual,90000,1997,50000000
1452,Daihatsu,Others,Manual,90000,1997,57000000
1635,Daihatsu,Others,Manual,140000,1996,31000000
785,Daihatsu,Sigra,Manual,5000,2022,121400000
605,Daihatsu,Sigra,Manual,20000,2020,120000000
618,Daihatsu,Sigra,Manual,70000,2018,122000000
1189,Daihatsu,Sigra,Automatic,50000,2018,125000000
1231,Daihatsu,Sigra,Manual,45000,2018,125000000
1367,Daihatsu,Sigra,Manual,35000,2018,125000000
1777,Daihatsu,Sigra,Manual,80000,2018,88000000
199,Daihatsu,Sigra,Manual,120000,2017,107000000
277,Daihatsu,Sigra,Manual,120000,2017,107000000
1154,Daihatsu,Sigra,Automatic,145000,2017,115000000
1283,Daihatsu,Sigra,Manual,60000,2017,109000000
328,Daihatsu,Sirion,Automatic,30000,2019,166000000
29,Daihatsu,Sirion,Manual,95000,2018,141000000
1227,Daihatsu,Sirion,Manual,80000,2018,141000000
1152,Daihatsu,Sirion,Manual,80000,2017,105000000
9,Daihatsu,Sirion,Manual,50000,2016,120000000
10,Daihatsu,Sirion,Manual,50000,2016,120000000
228,Daihatsu,Sirion,Manual,50000,2016,120000000
1286,Daihatsu,Sirion,Manual,50000,2016,120000000
1320,Daihatsu,Sirion,Manual,50000,2016,120000000
1398,Daihatsu,Sirion,Automatic,80000,2015,120000000
1441,Daihatsu,Sirion,Manual,45000,2014,95000000
1657,Daihatsu,Sirion,Automatic,50000,2014,86000000
1748,Daihatsu,Sirion,Automatic,120000,2014,99000000
1582,Daihatsu,Sirion,Manual,110000,2013,97000000
1638,Daihatsu,Sirion,Manual,110000,2013,97000000
1988,Daihatsu,Sirion,Manual,60000,2013,103000000
675,Daihatsu,Sirion,Automatic,130000,2012,110000000
1662,Daihatsu,Sirion,Manual,110000,2012,90000000
1559,Daihatsu,Taft,Manual,300000,1989,91000000
1595,Daihatsu,Taft,Manual,300000,1989,91000000
1600,Daihatsu,Taft,Manual,300000,1989,91000000
1978,Daihatsu,Terios,Manual,45000,2020,217000000
954,Daihatsu,Terios,Manual,50000,2019,189000000
137,Daihatsu,Terios,Automatic,60000,2018,205000000
396,Daihatsu,Terios,Manual,50000,2018,221000000
1927,Daihatsu,Terios,Automatic,90000,2018,205000000
823,Daihatsu,Terios,Manual,10000,2017,165000000
874,Daihatsu,Terios,Manual,10000,2017,165000000
962,Daihatsu,Terios,Automatic,90000,2017,160000000
983,Daihatsu,Terios,Manual,40000,2017,177000000
1090,Daihatsu,Terios,Manual,40000,2017,177000000
33,Daihatsu,Terios,Automatic,55000,2015,149000000
931,Daihatsu,Terios,Manual,130000,2013,180000000
1208,Daihatsu,Terios,Automatic,90000,2013,120000000
1180,Daihatsu,Terios,Manual,55000,2012,117000000
515,Daihatsu,Terios,Manual,165000,2007,88000000
102,Daihatsu,Xenia,Manual,5000,2022,200000000
756,Daihatsu,Xenia,Automatic,5000,2022,190000000
821,Daihatsu,Xenia,Manual,5000,2021,174000000
198,Daihatsu,Xenia,Manual,35000,2020,180000000
66,Daihatsu,Xenia,Manual,70000,2018,137000000
883,Daihatsu,Xenia,Manual,65000,2018,152000000
376,Daihatsu,Xenia,Manual,65000,2017,163000000
387,Daihatsu,Xenia,Manual,65000,2017,163000000
389,Daihatsu,Xenia,Manual,65000,2017,163000000
394,Daihatsu,Xenia,Manual,65000,2017,163000000
544,Daihatsu,Xenia,Manual,90000,2017,137500000
680,Daihatsu,Xenia,Manual,25000,2017,148000000
1364,Daihatsu,Xenia,Manual,120000,2017,130000000
464,Daihatsu,Xenia,Manual,40000,2016,139500000
1265,Daihatsu,Xenia,Manual,105000,2015,113000000
196,Daihatsu,Xenia,Manual,140000,2014,111000000
234,Daihatsu,Xenia,Manual,140000,2014,111000000
1147,Daihatsu,Xenia,Manual,95000,2014,125000000
1175,Daihatsu,Xenia,Automatic,120000,2014,125000000
1299,Daihatsu,Xenia,Manual,120000,2014,122000000
1515,Daihatsu,Xenia,Manual,105000,2014,97000000
1726,Daihatsu,Xenia,Manual,150000,2014,96000000
1996,Daihatsu,Xenia,Manual,145000,2014,122000000
6,Daihatsu,Xenia,Manual,155000,2013,95000000
586,Daihatsu,Xenia,Manual,75000,2013,126000000
477,Daihatsu,Xenia,Manual,105000,2012,89000000
1214,Daihatsu,Xenia,Manual,130000,2012,110000000
1447,Daihatsu,Xenia,Manual,140000,2012,74500000
1668,Daihatsu,Xenia,Manual,500000,2012,95000000
118,Daihatsu,Xenia,Manual,300000,2011,70000000
1696,Daihatsu,Xenia,Manual,130000,2011,88000000
1729,Daihatsu,Xenia,Manual,100000,2011,82000000
1446,Daihatsu,Xenia,Manual,115000,2010,99000000
1504,Daihatsu,Xenia,Manual,125000,2010,88000000
1522,Daihatsu,Xenia,Manual,55000,2010,89900000
1640,Daihatsu,Xenia,Manual,105000,2010,87500000
1660,Daihatsu,Xenia,Manual,85000,2010,87000000
1992,Daihatsu,Xenia,Manual,290000,2010,81000000
1511,Daihatsu,Xenia,Manual,180000,2007,79000000
112,Daihatsu,Xenia,Manual,200000,2004,66000000
215,Datsun,Others,Automatic,30000,2019,102000000
346,Datsun,Others,Manual,95000,2018,82000000
1315,Datsun,Others,Automatic,60000,2018,111000000
1425,Datsun,Others,Automatic,35000,2018,111000000
1658,Datsun,Others,Manual,50000,2018,81000000
1494,Datsun,Others,Manual,30000,2017,86000000
1890,Datsun,Others,Manual,20000,2017,85000000
481,Datsun,Others,Manual,55000,2016,79000000
531,Datsun,Others,Manual,110000,2016,73000000
1536,Datsun,Others,Manual,65000,2016,71000000
1627,Datsun,Others,Manual,115000,2016,73000000
1716,Datsun,Others,Manual,50000,2016,76000000
32,Datsun,Others,Manual,40000,2015,79000000
682,Datsun,Others,Manual,50000,2015,71000000
781,Datsun,Others,Manual,40000,2015,79000000
1700,Datsun,Others,Manual,30000,2015,75000000
1519,Datsun,Others,Manual,60000,2014,71000000
1813,Datsun,Others,Manual,20000,2014,55000000
1432,Ford,Ecosport,Automatic,110000,2017,119000000
463,Ford,Ecosport,Automatic,35000,2016,148000000
276,Ford,Ecosport,Automatic,65000,2015,115000000
65,Ford,Ecosport,Automatic,130000,2014,117000000
131,Ford,Ecosport,Automatic,130000,2014,117000000
166,Ford,Ecosport,Automatic,110000,2014,119000000
175,Ford,Ecosport,Automatic,100000,2014,117000000
177,Ford,Ecosport,Automatic,110000,2014,119000000
789,Ford,Ecosport,Automatic,50000,2014,135000000
1160,Ford,Ecosport,Automatic,95000,2014,125000000
1171,Ford,Ecosport,Automatic,110000,2014,119000000
1192,Ford,Ecosport,Automatic,75000,2014,139000000
1222,Ford,Ecosport,Automatic,120000,2014,135000000
1251,Ford,Ecosport,Automatic,130000,2014,117000000
1266,Ford,Ecosport,Automatic,110000,2014,119000000
1274,Ford,Ecosport,Automatic,110000,2014,119000000
1313,Ford,Ecosport,Automatic,70000,2014,135000000
1354,Ford,Ecosport,Automatic,130000,2014,117000000
1400,Ford,Ecosport,Automatic,110000,2014,119000000
1407,Ford,Ecosport,Automatic,130000,2014,117000000
1416,Ford,Ecosport,Automatic,110000,2014,119000000
1973,Ford,Ecosport,Automatic,55000,2014,135000000
1329,Ford,Fiesta,Automatic,90000,2016,139000000
1383,Ford,Fiesta,Automatic,75000,2014,117000000
706,Ford,Fiesta,Automatic,90000,2012,100000000
1473,Ford,Fiesta,Automatic,105000,2012,85000000
1574,Ford,Fiesta,Manual,90000,2012,90000000
1639,Ford,Fiesta,Automatic,90000,2012,85000000
1728,Ford,Fiesta,Automatic,80000,2012,85000000
1763,Ford,Fiesta,Manual,145000,2012,80000000
1766,Ford,Fiesta,Manual,145000,2012,80000000
1501,Ford,Fiesta,Automatic,55000,2011,75000000
23,Honda,Accord,Automatic,10000,2020,639000000
809,Honda,Accord,Automatic,45000,2018,405000000
1817,Honda,Accord,Automatic,110000,2012,162500000
1142,Honda,Accord,Automatic,70000,2011,190000000
126,Honda,Accord,Automatic,140000,2010,140000000
129,Honda,Accord,Automatic,140000,2010,140000000
205,Honda,Accord,Automatic,140000,2010,145000000
889,Honda,Accord,Automatic,95000,2010,150000000
890,Honda,Accord,Automatic,95000,2010,150000000
891,Honda,Accord,Automatic,95000,2010,150000000
894,Honda,Accord,Automatic,95000,2010,150000000
1038,Honda,Accord,Automatic,110000,2010,158000000
524,Honda,Accord,Automatic,145000,2008,125000000
602,Honda,Accord,Automatic,140000,2008,138000000
730,Honda,Accord,Automatic,135000,2008,133500000
1296,Honda,Accord,Automatic,135000,2008,133500000
1552,Honda,Accord,Manual,135000,2007,89500000
1636,Honda,Accord,Manual,85000,2007,95000000
1490,Honda,Accord,Manual,235000,1992,70000000
1041,Honda,Brio,Automatic,5000,2022,183000000
1071,Honda,Brio,Automatic,25000,2021,187000000
1117,Honda,Brio,Automatic,15000,2021,174000000
1974,Honda,Brio,Automatic,25000,2021,187000000
712,Honda,Brio,Automatic,20000,2020,165000000
937,Honda,Brio,Automatic,30000,2020,150000000
382,Honda,Brio,Manual,30000,2019,179000000
582,Honda,Brio,Automatic,45000,2019,174000000
976,Honda,Brio,Manual,25000,2019,164000000
1013,Honda,Brio,Automatic,20000,2019,167000000
1130,Honda,Brio,Automatic,15000,2019,170000000
1264,Honda,Brio,Automatic,20000,2019,150000000
448,Honda,Brio,Automatic,35000,2018,148000000
526,Honda,Brio,Automatic,40000,2018,157000000
1224,Honda,Brio,Automatic,75000,2018,145000000
1250,Honda,Brio,Manual,40000,2018,126000000
1308,Honda,Brio,Manual,20000,2018,149000000
1339,Honda,Brio,Manual,50000,2018,128000000
1387,Honda,Brio,Manual,40000,2018,144000000
119,Honda,Brio,Manual,65000,2017,123000000
900,Honda,Brio,Automatic,70000,2017,153700000
1257,Honda,Brio,Manual,30000,2017,145000000
1368,Honda,Brio,Automatic,60000,2017,141000000
1399,Honda,Brio,Manual,80000,2017,125000000
14,Honda,Brio,Automatic,55000,2015,115000000
529,Honda,Brio,Manual,75000,2015,115000000
1252,Honda,Brio,Manual,80000,2015,104000000
1649,Honda,Brio,Manual,125000,2014,98000000
1606,Honda,Brio,Manual,30000,2013,96000000
309,Honda,Brio Satya,Automatic,30000,2021,183000000
1072,Honda,Brio Satya,Manual,60000,2021,163000000
1844,Honda,Brio Satya,Automatic,15000,2021,170000000
861,Honda,Brio Satya,Automatic,70000,2020,180000000
1024,Honda,Brio Satya,Automatic,20000,2020,152000000
329,Honda,Brio Satya,Automatic,45000,2019,164000000
694,Honda,Brio Satya,Automatic,20000,2019,166500000
893,Honda,Brio Satya,Manual,30000,2019,179000000
902,Honda,Brio Satya,Automatic,10000,2019,169000000
1015,Honda,Brio Satya,Automatic,25000,2019,170000000
1049,Honda,Brio Satya,Automatic,40000,2019,165000000
1085,Honda,Brio Satya,Automatic,40000,2019,165000000
1088,Honda,Brio Satya,Automatic,40000,2019,165000000
1092,Honda,Brio Satya,Automatic,40000,2019,165000000
1093,Honda,Brio Satya,Automatic,40000,2019,165000000
1095,Honda,Brio Satya,Automatic,30000,2019,170000000
1139,Honda,Brio Satya,Automatic,20000,2019,150000000
1255,Honda,Brio Satya,Manual,35000,2019,149000000
1381,Honda,Brio Satya,Manual,25000,2019,144000000
265,Honda,Brio Satya,Manual,45000,2018,133000000
1119,Honda,Brio Satya,Automatic,50000,2018,154000000
1178,Honda,Brio Satya,Manual,35000,2018,130000000
1275,Honda,Brio Satya,Manual,40000,2018,125000000
1390,Honda,Brio Satya,Manual,45000,2018,123000000
84,Honda,Brio Satya,Manual,45000,2017,126000000
443,Honda,Brio Satya,Manual,65000,2017,123000000
1153,Honda,Brio Satya,Automatic,110000,2017,125000000
1263,Honda,Brio Satya,Manual,75000,2017,129000000
1204,Honda,Brio Satya,Manual,90000,2016,124000000
1213,Honda,Brio Satya,Automatic,120000,2016,131000000
1277,Honda,Brio Satya,Manual,70000,2016,107000000
171,Honda,Br-V,Automatic,50000,2019,185000000
648,Honda,Br-V,Automatic,80000,2019,213000000
1976,Honda,Br-V,Automatic,20000,2019,211000000
116,Honda,Br-V,Automatic,45000,2018,203000000
127,Honda,Br-V,Automatic,45000,2018,203000000
164,Honda,Br-V,Automatic,45000,2018,203000000
561,Honda,Br-V,Automatic,75000,2018,180000000
686,Honda,Br-V,Automatic,90000,2018,211000000
718,Honda,Br-V,Automatic,85000,2018,215000000
816,Honda,Br-V,Automatic,70000,2018,198000000
836,Honda,Br-V,Manual,95000,2018,183000000
909,Honda,Br-V,Automatic,125000,2018,198000000
947,Honda,Br-V,Automatic,70000,2018,198000000
951,Honda,Br-V,Manual,75000,2018,183000000
770,Honda,Br-V,Automatic,165000,2017,183000000
834,Honda,Br-V,Automatic,80000,2017,195000000
887,Honda,Br-V,Automatic,100000,2017,179000000
910,Honda,Br-V,Automatic,120000,2017,159900000
977,Honda,Br-V,Automatic,55000,2017,191000000
1018,Honda,Br-V,Automatic,165000,2017,183000000
1056,Honda,Br-V,Automatic,85000,2017,177000000
1075,Honda,Br-V,Automatic,110000,2017,185000000
1114,Honda,Br-V,Automatic,165000,2017,183000000
1945,Honda,Br-V,Automatic,40000,2017,198000000
441,Honda,Br-V,Automatic,65000,2016,175000000
588,Honda,Br-V,Automatic,100000,2016,179000000
847,Honda,Br-V,Automatic,65000,2016,179000000
877,Honda,Br-V,Automatic,120000,2016,178000000
884,Honda,Br-V,Automatic,90000,2016,188000000
929,Honda,Br-V,Automatic,60000,2016,199000000
941,Honda,Br-V,Automatic,65000,2016,180000000
949,Honda,Br-V,Automatic,60000,2016,199000000
992,Honda,Br-V,Automatic,100000,2016,175000000
1006,Honda,Br-V,Automatic,65000,2016,175000000
1037,Honda,Br-V,Automatic,50000,2016,170000000
1055,Honda,Br-V,Automatic,90000,2016,188000000
1112,Honda,Br-V,Automatic,75000,2016,169000000
1120,Honda,Br-V,Manual,65000,2016,169000000
1826,Honda,Br-V,Automatic,90000,2016,183000000
51,Honda,City,Automatic,20000,2021,313000000
379,Honda,City,Automatic,5000,2021,309000000
656,Honda,City,Automatic,10000,2021,300000000
1922,Honda,City,Automatic,25000,2021,299000000
1982,Honda,City,Automatic,10000,2021,312000000
469,Honda,City,Automatic,55000,2019,235000000
1064,Honda,City,Automatic,95000,2015,192000000
257,Honda,City,Manual,60000,2013,141000000
863,Honda,City,Automatic,55000,2013,156000000
717,Honda,City,Automatic,145000,2011,119000000
124,Honda,City,Automatic,95000,2010,103000000
191,Honda,City,Automatic,140000,2007,87000000
616,Honda,City,Manual,135000,2007,77000000
1457,Honda,City,Automatic,135000,2007,76000000
1454,Honda,City,Automatic,190000,2006,78500000
1533,Honda,City,Automatic,300000,2004,68000000
1644,Honda,City,Automatic,300000,2004,68000000
1767,Honda,City,Manual,160000,2004,75000000
803,Honda,Civic,Automatic,5000,2022,575000000
442,Honda,Civic,Automatic,20000,2018,405000000
527,Honda,Civic,Automatic,55000,2018,375000000
1892,Honda,Civic,Automatic,45000,2016,349000000
556,Honda,Civic,Automatic,110000,2013,196000000
898,Honda,Civic,Automatic,115000,2013,185000000
824,Honda,Civic,Automatic,95000,2012,195000000
1143,Honda,Civic,Manual,90000,2012,179000000
1346,Honda,Civic,Manual,140000,2012,146000000
49,Honda,Civic,Automatic,95000,2011,180000000
54,Honda,Civic,Automatic,95000,2011,180000000
58,Honda,Civic,Automatic,95000,2011,180000000
61,Honda,Civic,Automatic,95000,2011,180000000
240,Honda,Civic,Automatic,95000,2011,180000000
622,Honda,Civic,Manual,110000,2011,149000000
250,Honda,Civic,Automatic,95000,2010,180000000
817,Honda,Civic,Automatic,95000,2010,170000000
225,Honda,Civic,Automatic,125000,2008,150000000
604,Honda,Civic,Automatic,140000,2008,149000000
805,Honda,Civic,Automatic,75000,2008,147000000
923,Honda,Civic,Automatic,125000,2008,150000000
925,Honda,Civic,Automatic,125000,2008,150000000
928,Honda,Civic,Automatic,125000,2008,150000000
930,Honda,Civic,Automatic,125000,2008,150000000
1812,Honda,Civic,Automatic,120000,2008,122000000
1816,Honda,Civic,Automatic,120000,2008,128000000
1827,Honda,Civic,Automatic,120000,2008,127000000
606,Honda,Civic,Automatic,180000,2007,135000000
534,Honda,Civic,Manual,160000,1996,57500000
553,Honda,Cr-V,Automatic,35000,2021,510000000
1856,Honda,Cr-V,Automatic,25000,2021,515000000
7,Honda,Cr-V,Automatic,50000,2019,429000000
138,Honda,Cr-V,Automatic,45000,2019,460000000
1853,Honda,Cr-V,Automatic,30000,2019,440000000
549,Honda,Cr-V,Automatic,65000,2018,384000000
352,Honda,Cr-V,Automatic,75000,2017,277000000
674,Honda,Cr-V,Automatic,60000,2017,425000000
713,Honda,Cr-V,Automatic,105000,2016,280000000
1847,Honda,Cr-V,Automatic,65000,2016,280000000
787,Honda,Cr-V,Automatic,85000,2015,230000000
258,Honda,Cr-V,Automatic,75000,2014,199000000
832,Honda,Cr-V,Automatic,215000,2014,192000000
1961,Honda,Cr-V,Automatic,75000,2014,195000000
183,Honda,Cr-V,Automatic,100000,2013,243000000
458,Honda,Cr-V,Automatic,70000,2013,225000000
842,Honda,Cr-V,Automatic,110000,2013,189900000
843,Honda,Cr-V,Automatic,110000,2013,189900000
845,Honda,Cr-V,Automatic,110000,2013,189900000
905,Honda,Cr-V,Automatic,110000,2013,189900000
1007,Honda,Cr-V,Automatic,100000,2013,199000000
1042,Honda,Cr-V,Manual,95000,2013,199000000
1043,Honda,Cr-V,Manual,95000,2013,199000000
1110,Honda,Cr-V,Automatic,100000,2013,200000000
1858,Honda,Cr-V,Automatic,70000,2013,188000000
1985,Honda,Cr-V,Automatic,70000,2013,186000000
989,Honda,Cr-V,Manual,55000,2012,180000000
568,Honda,Cr-V,Automatic,150000,2011,138000000
987,Honda,Cr-V,Automatic,60000,2011,179000000
1057,Honda,Cr-V,Automatic,85000,2011,158500000
1058,Honda,Cr-V,Automatic,85000,2011,158500000
1125,Honda,Cr-V,Manual,10000,2011,195000000
1177,Honda,Cr-V,Automatic,130000,2011,149000000
1287,Honda,Cr-V,Automatic,95000,2011,149000000
1347,Honda,Cr-V,Automatic,95000,2011,149000000
214,Honda,Cr-V,Automatic,140000,2010,157000000
224,Honda,Cr-V,Automatic,140000,2010,157000000
520,Honda,Cr-V,Automatic,90000,2010,139000000
1424,Honda,Cr-V,Automatic,140000,2010,129000000
41,Honda,Cr-V,Automatic,175000,2009,110000000
195,Honda,Cr-V,Automatic,135000,2009,135000000
1344,Honda,Cr-V,Automatic,175000,2009,110000000
248,Honda,Cr-V,Automatic,120000,2008,125000000
1217,Honda,Cr-V,Automatic,150000,2008,109900000
1220,Honda,Cr-V,Automatic,150000,2008,109900000
1983,Honda,Cr-V,Manual,105000,2008,135000000
450,Honda,Cr-V,Automatic,95000,2007,125000000
1230,Honda,Cr-V,Automatic,90000,2007,135000000
1232,Honda,Cr-V,Automatic,110000,2007,125000000
1437,Honda,Cr-V,Automatic,130000,2007,113500000
609,Honda,Cr-V,Automatic,125000,2003,70000000
1482,Honda,Cr-V,Manual,245000,2002,62000000
1509,Honda,Cr-V,Automatic,180000,2001,82500000
521,Honda,Hr-V,Automatic,20000,2021,310000000
1894,Honda,Hr-V,Automatic,10000,2021,338000000
395,Honda,Hr-V,Automatic,25000,2020,308000000
478,Honda,Hr-V,Automatic,25000,2020,314000000
751,Honda,Hr-V,Automatic,25000,2020,315000000
1865,Honda,Hr-V,Automatic,30000,2020,299000000
1923,Honda,Hr-V,Automatic,25000,2020,308000000
1931,Honda,Hr-V,Automatic,25000,2020,308000000
367,Honda,Hr-V,Automatic,45000,2019,253000000
416,Honda,Hr-V,Automatic,25000,2019,335000000
518,Honda,Hr-V,Automatic,10000,2019,325000000
571,Honda,Hr-V,Automatic,35000,2019,290000000
761,Honda,Hr-V,Automatic,20000,2019,290600000
1825,Honda,Hr-V,Automatic,55000,2019,258000000
1886,Honda,Hr-V,Automatic,55000,2019,288500000
1944,Honda,Hr-V,Automatic,65000,2019,279000000
93,Honda,Hr-V,Automatic,45000,2018,285000000
197,Honda,Hr-V,Automatic,50000,2018,237000000
776,Honda,Hr-V,Automatic,45000,2018,285000000
799,Honda,Hr-V,Automatic,60000,2018,243000000
813,Honda,Hr-V,Automatic,60000,2018,243000000
1955,Honda,Hr-V,Automatic,65000,2018,267000000
1968,Honda,Hr-V,Automatic,55000,2018,333000000
311,Honda,Hr-V,Automatic,45000,2017,255000000
636,Honda,Hr-V,Automatic,65000,2017,280000000
1801,Honda,Hr-V,Automatic,105000,2017,219000000
1815,Honda,Hr-V,Automatic,60000,2017,255000000
1835,Honda,Hr-V,Automatic,40000,2017,246000000
1920,Honda,Hr-V,Automatic,60000,2017,255000000
83,Honda,Hr-V,Automatic,50000,2016,217000000
264,Honda,Hr-V,Automatic,85000,2016,229000000
327,Honda,Hr-V,Automatic,35000,2016,225000000
528,Honda,Hr-V,Automatic,85000,2016,206000000
661,Honda,Hr-V,Automatic,55000,2016,259000000
772,Honda,Hr-V,Automatic,125000,2016,220000000
1957,Honda,Hr-V,Automatic,85000,2016,240000000
378,Honda,Hr-V,Automatic,45000,2015,213000000
507,Honda,Hr-V,Automatic,105000,2015,195000000
700,Honda,Hr-V,Automatic,60000,2015,212000000
705,Honda,Hr-V,Automatic,60000,2015,212000000
833,Honda,Hr-V,Automatic,105000,2015,187000000
970,Honda,Hr-V,Manual,130000,2015,198000000
990,Honda,Hr-V,Automatic,135000,2015,196000000
1851,Honda,Hr-V,Automatic,135000,2015,196000000
1860,Honda,Hr-V,Automatic,65000,2015,209000000
1863,Honda,Hr-V,Automatic,65000,2015,209000000
1897,Honda,Hr-V,Automatic,90000,2015,207000000
1965,Honda,Jazz,Automatic,30000,2020,278000000
522,Honda,Jazz,Automatic,50000,2019,250000000
748,Honda,Jazz,Automatic,25000,2019,265000000
539,Honda,Jazz,Automatic,65000,2018,232000000
576,Honda,Jazz,Automatic,30000,2018,256000000
625,Honda,Jazz,Automatic,70000,2018,240000000
968,Honda,Jazz,Manual,35000,2018,199000000
974,Honda,Jazz,Manual,35000,2018,199000000
493,Honda,Jazz,Automatic,30000,2017,245000000
1799,Honda,Jazz,Automatic,75000,2017,238000000
1806,Honda,Jazz,Automatic,65000,2017,237000000
1880,Honda,Jazz,Automatic,95000,2017,235000000
1902,Honda,Jazz,Automatic,65000,2017,233000000
100,Honda,Jazz,Automatic,55000,2016,230000000
1834,Honda,Jazz,Automatic,70000,2016,222000000
1900,Honda,Jazz,Automatic,50000,2016,222000000
401,Honda,Jazz,Automatic,90000,2015,205000000
794,Honda,Jazz,Automatic,120000,2015,200000000
53,Honda,Jazz,Automatic,80000,2014,155000000
155,Honda,Jazz,Automatic,75000,2014,195000000
391,Honda,Jazz,Automatic,70000,2014,167000000
1016,Honda,Jazz,Automatic,60000,2014,182000000
300,Honda,Jazz,Manual,95000,2013,168000000
390,Honda,Jazz,Automatic,95000,2013,175000000
1004,Honda,Jazz,Automatic,100000,2013,175000000
1009,Honda,Jazz,Automatic,10000,2013,175000000
1011,Honda,Jazz,Automatic,100000,2013,175000000
1096,Honda,Jazz,Automatic,120000,2013,157000000
724,Honda,Jazz,Automatic,110000,2012,155000000
841,Honda,Jazz,Manual,55000,2012,155000000
1382,Honda,Jazz,Automatic,150000,2010,132000000
375,Honda,Jazz,Automatic,145000,2009,135000000
1270,Honda,Jazz,Automatic,110000,2009,115000000
547,Honda,Jazz,Automatic,85000,2008,110000000
381,Honda,Jazz,Automatic,170000,2007,95000000
773,Honda,Jazz,Manual,70000,2006,100000000
1493,Honda,Jazz,Automatic,160000,2005,78000000
1512,Honda,Jazz,Automatic,120000,2005,74000000
1525,Honda,Jazz,Automatic,145000,2005,75000000
1672,Honda,Jazz,Automatic,160000,2005,78000000
1054,Honda,Mobilio,Manual,35000,2021,172000000
1140,Honda,Mobilio,Manual,35000,2021,172000000
1115,Honda,Mobilio,Automatic,25000,2020,199000000
1885,Honda,Mobilio,Automatic,10000,2020,209000000
184,Honda,Mobilio,Manual,55000,2019,164000000
760,Honda,Mobilio,Automatic,75000,2019,194500000
1022,Honda,Mobilio,Manual,55000,2019,164000000
1047,Honda,Mobilio,Automatic,65000,2019,188000000
1076,Honda,Mobilio,Manual,45000,2019,166000000
243,Honda,Mobilio,Automatic,65000,2018,178000000
363,Honda,Mobilio,Manual,85000,2018,182000000
495,Honda,Mobilio,Automatic,35000,2018,194000000
782,Honda,Mobilio,Automatic,45000,2018,185000000
899,Honda,Mobilio,Automatic,65000,2018,178000000
901,Honda,Mobilio,Automatic,65000,2018,178000000
944,Honda,Mobilio,Automatic,80000,2018,151000000
1854,Honda,Mobilio,Automatic,25000,2018,181000000
192,Honda,Mobilio,Automatic,75000,2017,178000000
253,Honda,Mobilio,Automatic,115000,2017,169000000
846,Honda,Mobilio,Automatic,65000,2017,167000000
870,Honda,Mobilio,Automatic,95000,2017,180000000
982,Honda,Mobilio,Manual,35000,2017,152000000
1066,Honda,Mobilio,Automatic,100000,2017,182000000
1074,Honda,Mobilio,Manual,20000,2017,190000000
1081,Honda,Mobilio,Automatic,100000,2017,181000000
1089,Honda,Mobilio,Manual,35000,2017,152000000
1807,Honda,Mobilio,Automatic,100000,2017,181000000
1829,Honda,Mobilio,Automatic,80000,2017,177000000
1841,Honda,Mobilio,Automatic,100000,2017,192000000
1868,Honda,Mobilio,Automatic,65000,2017,167000000
89,Honda,Mobilio,Manual,60000,2016,147000000
233,Honda,Mobilio,Automatic,65000,2016,153000000
344,Honda,Mobilio,Automatic,90000,2016,156000000
554,Honda,Mobilio,Automatic,50000,2016,179000000
811,Honda,Mobilio,Automatic,60000,2016,170000000
838,Honda,Mobilio,Manual,60000,2016,150000000
849,Honda,Mobilio,Automatic,65000,2016,154000000
927,Honda,Mobilio,Automatic,45000,2016,155000000
956,Honda,Mobilio,Automatic,80000,2016,172000000
44,Honda,Mobilio,Automatic,125000,2015,139000000
392,Honda,Mobilio,Manual,80000,2015,146000000
444,Honda,Mobilio,Automatic,95000,2015,150000000
961,Honda,Mobilio,Automatic,70000,2015,155000000
1309,Honda,Mobilio,Manual,80000,2015,149000000
1979,Honda,Mobilio,Automatic,35000,2015,145000000
11,Honda,Mobilio,Automatic,70000,2014,135000000
1161,Honda,Mobilio,Manual,90000,2014,139000000
1184,Honda,Mobilio,Automatic,90000,2014,141000000
1235,Honda,Mobilio,Automatic,95000,2014,129000000
1236,Honda,Mobilio,Automatic,95000,2014,129000000
1242,Honda,Mobilio,Automatic,95000,2014,129000000
1243,Honda,Mobilio,Automatic,95000,2014,129000000
1244,Honda,Mobilio,Automatic,95000,2014,129000000
1293,Honda,Mobilio,Automatic,105000,2014,142000000
1325,Honda,Mobilio,Automatic,40000,2014,127000000
1326,Honda,Mobilio,Automatic,70000,2014,135000000
1343,Honda,Mobilio,Automatic,95000,2014,139000000
1394,Honda,Mobilio,Automatic,195000,2014,120000000
1397,Honda,Mobilio,Automatic,100000,2014,135500000
1849,Honda,Mobilio,Automatic,95000,2014,145000000
546,Honda,Odyssey,Automatic,45000,2019,662000000
714,Honda,Odyssey,Automatic,140000,2018,225000000
649,Honda,Odyssey,Automatic,40000,2017,460000000
850,Honda,Odyssey,Automatic,105000,2011,199500000
1960,Honda,Odyssey,Automatic,45000,2010,275000000
1402,Honda,Odyssey,Automatic,245000,2004,135000000
492,Honda,Others,Automatic,85000,2016,215000000
1134,Honda,Others,Automatic,105000,2014,176000000
669,Honda,Others,Automatic,140000,2013,154000000
865,Honda,Others,Automatic,55000,2013,165000000
957,Honda,Others,Automatic,100000,2013,160000000
1048,Honda,Others,Automatic,140000,2013,160000000
1094,Honda,Others,Automatic,135000,2013,160000000
1099,Honda,Others,Automatic,135000,2013,160000000
869,Honda,Others,Automatic,140000,2012,161000000
1321,Honda,Others,Automatic,175000,2012,149000000
1322,Honda,Others,Automatic,175000,2012,149000000
683,Honda,Others,Automatic,135000,2011,150000000
1422,Honda,Others,Automatic,100000,2011,118000000
1386,Honda,Others,Automatic,120000,2010,122000000
287,Honda,Others,Automatic,135000,2009,129000000
496,Honda,Others,Automatic,180000,2006,119000000
1690,Honda,Others,Automatic,500000,2003,60000000
1507,Hyundai,Avega,Manual,95000,2012,79000000
56,Hyundai,H-1,Automatic,70000,2013,233000000
738,Hyundai,H-1,Automatic,105000,2012,175000000
750,Hyundai,H-1,Automatic,145000,2011,180000000
1188,Hyundai,H-1,Automatic,120000,2011,139000000
631,Hyundai,Others,Automatic,5000,2022,255000000
790,Hyundai,Others,Automatic,5000,2022,940000000
808,Hyundai,Others,Manual,10000,2022,288000000
1782,Hyundai,Others,Manual,100000,2016,92000000
1612,Hyundai,Others,Manual,90000,2015,90000000
454,Hyundai,Others,Automatic,105000,2012,240000000
1545,Hyundai,Others,Automatic,105000,2012,99000000
1998,Hyundai,Others,Automatic,155000,2011,119000000
525,Hyundai,Others,Manual,300000,2007,37000000
1695,Hyundai,Others,Automatic,200000,2001,62000000
1543,Hyundai,Others,Manual,500000,1995,20000000
660,Hyundai,Palisade,Automatic,5000,2022,870000000
615,Hyundai,Palisade,Automatic,5000,2021,820000000
1929,Isuzu,Panther,Manual,110000,2017,155000000
1846,Isuzu,Panther,Manual,15000,2015,255000000
1862,Isuzu,Panther,Manual,15000,2015,255000000
1875,Isuzu,Panther,Manual,15000,2015,255000000
1554,Isuzu,Panther,Manual,160000,2005,98000000
1810,Isuzu,Panther,Manual,210000,2003,66000000
1544,Isuzu,Panther,Manual,300000,2001,90000000
1805,Isuzu,Panther,Manual,105000,1998,63000000
1727,Isuzu,Panther,Manual,200000,1997,55000000
1693,Isuzu,Panther,Manual,20000,1996,30000000
1591,Isuzu,Panther,Manual,300000,1994,53000000
1592,Isuzu,Panther,Manual,300000,1994,53000000
1593,Isuzu,Panther,Manual,300000,1994,53000000
1739,Isuzu,Panther,Manual,185000,1994,53000000
1376,Kia,Others,Automatic,105000,2014,122000000
1575,Kia,Others,Manual,65000,2014,87000000
1761,Kia,Others,Manual,65000,2014,87000000
232,Kia,Others,Automatic,75000,2013,117000000
1415,Kia,Others,Manual,135000,2013,116000000
1420,Kia,Others,Automatic,110000,2012,109000000
1594,Kia,Others,Manual,120000,2010,70000000
1451,Kia,Others,Manual,100000,2005,50000000
79,Kia,Others,Manual,185000,2003,45500000
170,Kia,Picanto,Automatic,105000,2015,77000000
1510,Kia,Picanto,Manual,110000,2014,94000000
1569,Kia,Picanto,Manual,110000,2014,94000000
1665,Kia,Picanto,Manual,65000,2014,87000000
1524,Kia,Picanto,Automatic,85000,2013,86000000
1486,Kia,Picanto,Manual,85000,2012,75000000
1703,Kia,Picanto,Manual,130000,2012,75000000
1768,Kia,Picanto,Manual,80000,2011,69000000
147,Kia,Picanto,Manual,90000,2009,65000000
209,Kia,Picanto,Manual,90000,2009,65000000
167,Land Rover,Others,Automatic,40000,2014,625000000
305,Land Rover,Others,Automatic,50000,2014,565000000
562,Land Rover,Others,Manual,10000,2014,1850000000
973,Land Rover,Others,Automatic,90000,2004,195000000
430,Land Rover,Range Rover,Automatic,55000,2013,1975000000
434,Land Rover,Range Rover,Automatic,30000,2013,1975000000
38,Land Rover,Range Rover,Automatic,40000,2011,654000000
85,Mazda,2,Automatic,65000,2018,215000000
476,Mazda,2,Automatic,35000,2018,232000000
585,Mazda,2,Automatic,45000,2018,206000000
438,Mazda,2,Automatic,55000,2017,215000000
580,Mazda,2,Automatic,80000,2016,175000000
1002,Mazda,2,Automatic,85000,2016,168000000
1044,Mazda,2,Automatic,105000,2016,183000000
601,Mazda,2,Automatic,105000,2015,160000000
830,Mazda,2,Automatic,75000,2015,193000000
911,Mazda,2,Automatic,50000,2015,180000000
1294,Mazda,2,Automatic,135000,2013,118500000
1485,Mazda,2,Manual,60000,2012,99000000
1487,Mazda,2,Manual,60000,2012,99000000
1540,Mazda,2,Manual,55000,2012,99000000
753,Mazda,2,Automatic,85000,2010,105000000
1603,Mazda,2,Automatic,140000,2009,83000000
1605,Mazda,2,Automatic,135000,2009,83000000
1760,Mazda,2,Automatic,135000,2009,83000000
274,Mazda,Biante,Automatic,100000,2016,205000000
988,Mazda,Biante,Automatic,135000,2014,170000000
991,Mazda,Biante,Automatic,130000,2014,170000000
998,Mazda,Biante,Automatic,135000,2014,170000000
1001,Mazda,Biante,Automatic,135000,2014,170000000
709,Mazda,Biante,Automatic,85000,2013,159000000
1924,Mazda,Biante,Automatic,165000,2013,175000000
1302,Mazda,Biante,Automatic,110000,2012,136000000
1919,Mazda,Cx-3,Automatic,25000,2021,348000000
267,Mazda,Cx-3,Automatic,65000,2017,285000000
791,Mazda,Cx-3,Automatic,25000,2017,277000000
473,Mazda,Cx-5,Automatic,65000,2019,490000000
587,Mazda,Cx-5,Automatic,65000,2018,438000000
607,Mazda,Cx-5,Automatic,35000,2017,420000000
650,Mazda,Cx-5,Automatic,45000,2017,390000000
1871,Mazda,Cx-5,Automatic,60000,2017,395000000
158,Mazda,Cx-5,Automatic,100000,2014,230000000
1830,Mazda,Cx-5,Automatic,65000,2014,228000000
1970,Mazda,Cx-5,Automatic,110000,2013,212000000
938,Mazda,Cx-5,Automatic,150000,2012,182000000
90,Mazda,Cx-7,Automatic,130000,2011,139000000
162,Mazda,Cx-7,Automatic,130000,2011,139000000
1269,Mazda,Cx-7,Automatic,130000,2011,139000000
1369,Mazda,Cx-7,Automatic,130000,2011,139000000
446,Mazda,Cx-9,Automatic,145000,2013,249000000
429,Mazda,Cx-9,Automatic,95000,2011,210000000
1019,Mazda,Cx-9,Automatic,80000,2010,179000000
1059,Mazda,Cx-9,Automatic,95000,2010,189000000
111,Mazda,Others,Automatic,30000,2019,610000000
114,Mazda,Others,Automatic,50000,2017,415000000
749,Mazda,Others,Automatic,45000,2015,335000000
18,Mazda,Others,Automatic,75000,2009,300000000
523,Mazda,Others,Manual,80000,2008,130000000
1743,Mazda,Others,Manual,205000,1999,37000000
1655,Mazda,Others,Manual,215000,1997,42500000
1412,Mercedes-Benz,C240,Automatic,70000,2004,129000000
715,Mercedes-Benz,C250,Automatic,30000,2015,570000000
1694,Mercedes-Benz,C-Class,Automatic,70000,2002,98000000
490,Mercedes-Benz,Cla-Class,Automatic,15000,2014,485000000
766,Mercedes-Benz,E200,Automatic,500000,2013,380000000
67,Mercedes-Benz,Others,Automatic,45000,2022,695000000
707,Mercedes-Benz,Others,Automatic,5000,2020,945000000
742,Mercedes-Benz,Others,Automatic,15000,2020,950000000
659,Mercedes-Benz,Others,Automatic,15000,2019,585000000
689,Mercedes-Benz,Others,Automatic,25000,2018,645000000
788,Mercedes-Benz,Others,Automatic,15000,2018,630000000
613,Mercedes-Benz,Others,Automatic,20000,2017,599000000
737,Mercedes-Benz,Others,Automatic,15000,2017,599000000
740,Mercedes-Benz,Others,Automatic,20000,2017,650000000
466,Mercedes-Benz,Others,Automatic,80000,2016,750000000
479,Mercedes-Benz,Others,Automatic,15000,2015,449000000
596,Mercedes-Benz,Others,Automatic,40000,2015,535000000
1884,Mercedes-Benz,Others,Automatic,45000,2015,489000000
489,Mercedes-Benz,Others,Automatic,45000,2014,505000000
558,Mercedes-Benz,Others,Automatic,60000,2014,330000000
598,Mercedes-Benz,Others,Automatic,30000,2013,229000000
424,Mercedes-Benz,Others,Automatic,50000,2012,255000000
1848,Mercedes-Benz,Others,Automatic,50000,2012,515000000
293,Mercedes-Benz,Others,Automatic,60000,2011,228000000
739,Mercedes-Benz,Others,Automatic,55000,2010,170000000
999,Mercedes-Benz,Others,Automatic,90000,2010,159000000
36,Mercedes-Benz,Others,Automatic,55000,2009,258000000
290,Mercedes-Benz,Others,Automatic,110000,2009,149000000
412,Mercedes-Benz,Others,Automatic,70000,2009,320000000
1132,Mercedes-Benz,Others,Automatic,90000,2008,165000000
555,Mercedes-Benz,Others,Automatic,100000,2006,275000000
1916,Mercedes-Benz,Others,Automatic,100000,2005,155000000
462,Mercedes-Benz,Others,Automatic,105000,2004,205000000
1342,Mercedes-Benz,Others,Automatic,100000,2003,135000000
801,Mercedes-Benz,Others,Automatic,70000,2002,149000000
918,Mercedes-Benz,Others,Manual,90000,2001,188000000
3,Mercedes-Benz,Others,Automatic,140000,1996,79000000
31,Mercedes-Benz,Others,Manual,200000,1996,62500000
1488,Mercedes-Benz,Others,Manual,135000,1996,47500000
1670,Mitsubishi,Kuda,Manual,180000,2004,59000000
1671,Mitsubishi,Kuda,Manual,180000,2004,59000000
1674,Mitsubishi,Kuda,Manual,180000,2004,59000000
1682,Mitsubishi,Kuda,Manual,180000,2004,59000000
1746,Mitsubishi,Kuda,Manual,235000,2004,59000000
1641,Mitsubishi,Kuda,Manual,180000,2003,68500000
1647,Mitsubishi,Kuda,Manual,180000,2003,68500000
1650,Mitsubishi,Kuda,Manual,180000,2003,68500000
1651,Mitsubishi,Kuda,Manual,180000,2003,68500000
1744,Mitsubishi,Kuda,Manual,225000,2003,68500000
1529,Mitsubishi,Kuda,Manual,145000,2000,53000000
1747,Mitsubishi,Kuda,Manual,300000,1999,45000000
1174,Mitsubishi,Mirage,Automatic,105000,2016,132000000
1228,Mitsubishi,Mirage,Manual,50000,2016,104000000
1271,Mitsubishi,Mirage,Automatic,60000,2016,123000000
1278,Mitsubishi,Mirage,Automatic,105000,2016,132000000
1300,Mitsubishi,Mirage,Automatic,105000,2016,132000000
757,Mitsubishi,Mirage,Automatic,80000,2015,103000000
1262,Mitsubishi,Mirage,Automatic,170000,2015,109000000
1267,Mitsubishi,Mirage,Automatic,110000,2015,115000000
1273,Mitsubishi,Mirage,Automatic,170000,2015,109000000
1281,Mitsubishi,Mirage,Automatic,105000,2015,115000000
1429,Mitsubishi,Mirage,Automatic,100000,2014,113000000
39,Mitsubishi,Mirage,Automatic,90000,2013,107000000
1445,Mitsubishi,Mirage,Manual,85000,2013,90000000
1570,Mitsubishi,Mirage,Manual,50000,2013,90000000
364,Mitsubishi,Mirage,Automatic,120000,2012,90000000
1520,Mitsubishi,Mirage,Automatic,85000,2012,99000000
1656,Mitsubishi,Mirage,Automatic,85000,2012,99000000
1699,Mitsubishi,Mirage,Automatic,85000,2012,99000000
1718,Mitsubishi,Mirage,Automatic,85000,2012,99000000
966,Mitsubishi,Others,Manual,10000,2021,169000000
1864,Mitsubishi,Others,Automatic,60000,2019,349000000
1564,Mitsubishi,Others,Manual,75000,2018,99500000
1857,Mitsubishi,Others,Manual,120000,2017,275000000
1167,Mitsubishi,Others,Manual,205000,2015,127500000
1995,Mitsubishi,Others,Manual,170000,2012,110000000
1468,Mitsubishi,Others,Manual,100000,2011,62000000
182,Mitsubishi,Others,Manual,185000,2009,98000000
1685,Mitsubishi,Others,Manual,500000,2008,95000000
1630,Mitsubishi,Others,Manual,205000,2006,75000000
1598,Mitsubishi,Others,Manual,80000,2005,57500000
370,Mitsubishi,Outlander,Automatic,120000,2017,243000000
350,Mitsubishi,Outlander,Automatic,115000,2014,195000000
971,Mitsubishi,Outlander,Automatic,80000,2013,195000000
386,Mitsubishi,Outlander Sport,Automatic,50000,2018,261000000
1861,Mitsubishi,Outlander Sport,Automatic,55000,2018,270000000
24,Mitsubishi,Outlander Sport,Automatic,90000,2017,199000000
180,Mitsubishi,Outlander Sport,Automatic,50000,2017,243000000
16,Mitsubishi,Outlander Sport,Automatic,130000,2016,207000000
1106,Mitsubishi,Outlander Sport,Automatic,85000,2016,170000000
136,Mitsubishi,Outlander Sport,Automatic,110000,2015,199000000
125,Mitsubishi,Outlander Sport,Automatic,120000,2014,195000000
128,Mitsubishi,Outlander Sport,Automatic,120000,2014,195000000
130,Mitsubishi,Outlander Sport,Automatic,120000,2014,195000000
134,Mitsubishi,Outlander Sport,Automatic,120000,2014,195000000
1017,Mitsubishi,Outlander Sport,Automatic,120000,2014,195000000
326,Mitsubishi,Outlander Sport,Automatic,80000,2013,195000000
1035,Mitsubishi,Outlander Sport,Manual,165000,2013,150000000
1963,Mitsubishi,Pajero,Automatic,10000,2022,565000000
619,Mitsubishi,Pajero,Automatic,10000,2020,525000000
68,Mitsubishi,Pajero,Automatic,35000,2019,470000000
227,Mitsubishi,Pajero,Automatic,85000,2019,485000000
230,Mitsubishi,Pajero,Automatic,90000,2019,485000000
237,Mitsubishi,Pajero,Automatic,90000,2019,485000000
289,Mitsubishi,Pajero,Automatic,90000,2019,485000000
322,Mitsubishi,Pajero,Automatic,90000,2019,485000000
435,Mitsubishi,Pajero,Manual,35000,2019,425000000
452,Mitsubishi,Pajero,Automatic,15000,2019,485000000
536,Mitsubishi,Pajero,Automatic,60000,2019,475000000
1850,Mitsubishi,Pajero,Automatic,75000,2019,482000000
154,Mitsubishi,Pajero,Automatic,35000,2018,475000000
216,Mitsubishi,Pajero,Automatic,70000,2018,475000000
337,Mitsubishi,Pajero,Automatic,70000,2018,450000000
474,Mitsubishi,Pajero,Automatic,85000,2018,473000000
1839,Mitsubishi,Pajero,Automatic,105000,2018,450000000
1859,Mitsubishi,Pajero,Automatic,105000,2018,450000000
334,Mitsubishi,Pajero,Automatic,65000,2017,435000000
500,Mitsubishi,Pajero,Automatic,105000,2017,410000000
1950,Mitsubishi,Pajero,Automatic,100000,2017,469000000
1993,Mitsubishi,Pajero,Automatic,65000,2017,430000000
203,Mitsubishi,Pajero,Automatic,100000,2016,410000000
206,Mitsubishi,Pajero,Automatic,100000,2016,410000000
208,Mitsubishi,Pajero,Automatic,100000,2016,410000000
275,Mitsubishi,Pajero,Automatic,100000,2016,410000000
422,Mitsubishi,Pajero,Automatic,105000,2015,270000000
1876,Mitsubishi,Pajero,Automatic,120000,2015,308000000
1878,Mitsubishi,Pajero,Automatic,120000,2015,323000000
1936,Mitsubishi,Pajero,Automatic,145000,2015,265000000
1938,Mitsubishi,Pajero,Automatic,145000,2015,265000000
1940,Mitsubishi,Pajero,Automatic,145000,2015,265000000
1943,Mitsubishi,Pajero,Automatic,145000,2015,265000000
194,Mitsubishi,Pajero,Automatic,115000,2014,295000000
574,Mitsubishi,Pajero,Automatic,100000,2014,274000000
1898,Mitsubishi,Pajero,Automatic,130000,2014,321000000
480,Mitsubishi,Pajero,Automatic,50000,2011,245000000
822,Mitsubishi,Pajero,Automatic,500000,2009,195000000
1935,Mitsubishi,Pajero,Automatic,175000,2009,217000000
268,Mitsubishi,Xpander,Manual,5000,2022,315500000
798,Mitsubishi,Xpander,Automatic,55000,2020,260000000
1879,Mitsubishi,Xpander,Automatic,35000,2020,283000000
1956,Mitsubishi,Xpander,Manual,60000,2020,226000000
306,Mitsubishi,Xpander,Automatic,85000,2019,220000000
475,Mitsubishi,Xpander,Manual,45000,2019,218000000
1798,Mitsubishi,Xpander,Manual,40000,2019,218000000
1925,Mitsubishi,Xpander,Automatic,60000,2019,253000000
30,Mitsubishi,Xpander,Automatic,30000,2018,228000000
296,Mitsubishi,Xpander,Automatic,60000,2018,231000000
465,Mitsubishi,Xpander,Manual,55000,2018,184000000
797,Mitsubishi,Xpander,Automatic,55000,2018,215000000
858,Mitsubishi,Xpander,Automatic,85000,2018,189900000
913,Mitsubishi,Xpander,Automatic,85000,2018,188900000
1062,Mitsubishi,Xpander,Manual,50000,2018,189000000
1063,Mitsubishi,Xpander,Manual,90000,2018,189000000
1068,Mitsubishi,Xpander,Manual,35000,2018,189000000
1804,Mitsubishi,Xpander,Automatic,40000,2018,235000000
1828,Mitsubishi,Xpander,Automatic,65000,2018,229000000
1874,Mitsubishi,Xpander,Automatic,15000,2018,249000000
1891,Mitsubishi,Xpander,Automatic,60000,2018,225000000
1901,Mitsubishi,Xpander,Automatic,90000,2018,213000000
1903,Mitsubishi,Xpander,Automatic,90000,2018,213000000
1907,Mitsubishi,Xpander,Automatic,70000,2018,215000000
1909,Mitsubishi,Xpander,Automatic,50000,2018,235000000
1910,Mitsubishi,Xpander,Automatic,50000,2018,235000000
269,Mitsubishi,Xpander,Automatic,70000,2017,194500000
1481,Nissan,Evalia,Manual,120000,2014,95000000
1506,Nissan,Evalia,Manual,75000,2013,85000000
133,Nissan,Evalia,Automatic,135000,2012,90000000
1722,Nissan,Evalia,Manual,90000,2012,80000000
1023,Nissan,Grand Livina,Automatic,80000,2018,152000000
1045,Nissan,Grand Livina,Manual,35000,2018,151500000
1046,Nissan,Grand Livina,Manual,35000,2018,151500000
1248,Nissan,Grand Livina,Manual,70000,2018,132000000
1193,Nissan,Grand Livina,Automatic,90000,2016,124000000
1377,Nissan,Grand Livina,Manual,30000,2016,136000000
168,Nissan,Grand Livina,Automatic,165000,2015,121000000
1207,Nissan,Grand Livina,Automatic,165000,2015,115000000
1380,Nissan,Grand Livina,Manual,100000,2015,125000000
1790,Nissan,Grand Livina,Automatic,165000,2015,118000000
122,Nissan,Grand Livina,Automatic,115000,2014,109000000
1363,Nissan,Grand Livina,Automatic,95000,2014,115000000
1371,Nissan,Grand Livina,Manual,165000,2014,112000000
64,Nissan,Grand Livina,Manual,105000,2013,110000000
72,Nissan,Grand Livina,Manual,105000,2013,110000000
78,Nissan,Grand Livina,Manual,100000,2013,110000000
229,Nissan,Grand Livina,Automatic,115000,2013,114000000
231,Nissan,Grand Livina,Automatic,145000,2013,99500000
338,Nissan,Grand Livina,Automatic,120000,2013,114000000
432,Nissan,Grand Livina,Automatic,85000,2013,113500000
1295,Nissan,Grand Livina,Automatic,145000,2013,112000000
1684,Nissan,Grand Livina,Manual,230000,2013,92000000
780,Nissan,Grand Livina,Manual,125000,2012,90000000
1151,Nissan,Grand Livina,Automatic,50000,2012,107000000
1489,Nissan,Grand Livina,Manual,65000,2012,93000000
1500,Nissan,Grand Livina,Manual,85000,2012,97000000
1678,Nissan,Grand Livina,Manual,205000,2012,93000000
1783,Nissan,Grand Livina,Manual,205000,2012,93000000
1513,Nissan,Grand Livina,Manual,185000,2011,79000000
1736,Nissan,Grand Livina,Automatic,165000,2011,80000000
1492,Nissan,Grand Livina,Manual,100000,2010,77000000
1773,Nissan,Grand Livina,Manual,150000,2010,70000000
1459,Nissan,Grand Livina,Automatic,155000,2009,69900000
1479,Nissan,Grand Livina,Automatic,155000,2009,69900000
1480,Nissan,Grand Livina,Automatic,155000,2009,69900000
1538,Nissan,Grand Livina,Automatic,160000,2009,69900000
710,Nissan,Grand Livina,Automatic,140000,2008,68000000
1005,Nissan,Juke,Automatic,50000,2014,175000000
1238,Nissan,Juke,Automatic,85000,2014,150000000
403,Nissan,Juke,Automatic,165000,2013,105000000
1289,Nissan,Juke,Automatic,120000,2012,135000000
1297,Nissan,Juke,Automatic,120000,2012,135000000
1316,Nissan,Juke,Automatic,120000,2012,135000000
1355,Nissan,Juke,Automatic,120000,2012,130000000
851,Nissan,Livina,Manual,15000,2019,163500000
1793,Nissan,Livina,Manual,20000,2019,180000000
1170,Nissan,Livina,Automatic,90000,2017,122000000
1546,Nissan,Livina,Automatic,150000,2013,99000000
1495,Nissan,Livina,Manual,110000,2011,90000000
1558,Nissan,Livina,Automatic,100000,2011,90000000
1733,Nissan,Livina,Manual,205000,2010,90000000
577,Nissan,Livina,Manual,50000,2009,89000000
447,Nissan,Others,Automatic,30000,2017,131500000
1221,Nissan,Others,Manual,35000,2017,114000000
1282,Nissan,Others,Automatic,90000,2016,112000000
1149,Nissan,Others,Automatic,100000,2015,103000000
1198,Nissan,Others,Manual,90000,2014,102000000
1619,Nissan,Others,Manual,80000,2014,95000000
1689,Nissan,Others,Automatic,105000,2014,97000000
552,Nissan,Others,Manual,110000,2013,92000000
1475,Nissan,Others,Manual,110000,2013,95000000
1646,Nissan,Others,Automatic,100000,2013,90000000
1715,Nissan,Others,Manual,85000,2013,98000000
110,Nissan,Others,Manual,120000,2012,73000000
159,Nissan,Others,Manual,120000,2012,73000000
165,Nissan,Others,Manual,120000,2012,73000000
1370,Nissan,Others,Automatic,80000,2012,100000000
1440,Nissan,Others,Manual,115000,2012,83000000
1442,Nissan,Others,Manual,120000,2012,68900000
1514,Nissan,Others,Manual,120000,2012,73000000
1516,Nissan,Others,Manual,120000,2012,73000000
1565,Nissan,Others,Automatic,95000,2012,86000000
1578,Nissan,Others,Manual,120000,2012,73000000
1601,Nissan,Others,Manual,120000,2012,73000000
1632,Nissan,Others,Manual,120000,2012,73000000
1663,Nissan,Others,Automatic,105000,2012,93000000
1704,Nissan,Others,Automatic,150000,2012,82000000
1778,Nissan,Others,Automatic,100000,2012,98500000
1779,Nissan,Others,Automatic,100000,2012,98500000
1780,Nissan,Others,Automatic,100000,2012,98500000
1781,Nissan,Others,Automatic,100000,2012,98500000
1669,Nissan,Others,Automatic,145000,2011,85000000
1707,Nissan,Others,Automatic,150000,2011,90000000
1691,Nissan,Others,Automatic,125000,2008,89000000
278,Nissan,Serena,Automatic,75000,2016,203000000
820,Nissan,Serena,Automatic,110000,2016,198000000
1836,Nissan,Serena,Automatic,110000,2016,198000000
46,Nissan,Serena,Automatic,95000,2013,173000000
50,Nissan,Serena,Automatic,45000,2013,165000000
193,Nissan,Serena,Automatic,70000,2013,200000000
835,Nissan,Serena,Automatic,115000,2013,160000000
848,Nissan,Serena,Automatic,115000,2013,160000000
852,Nissan,Serena,Automatic,115000,2013,160000000
854,Nissan,Serena,Automatic,115000,2013,160000000
857,Nissan,Serena,Automatic,115000,2013,160000000
98,Nissan,Serena,Automatic,105000,2012,125000000
106,Nissan,Serena,Automatic,105000,2012,125000000
108,Nissan,Serena,Automatic,105000,2012,125000000
202,Nissan,Serena,Automatic,105000,2012,125000000
1229,Nissan,Serena,Automatic,140000,2011,112000000
1335,Nissan,Serena,Automatic,90000,2010,125000000
1953,Nissan,Serena,Automatic,120000,2010,119000000
1701,Nissan,Serena,Automatic,190000,2009,70000000
1711,Nissan,Serena,Automatic,135000,2008,84000000
741,Nissan,Serena,Automatic,180000,2007,73000000
1753,Nissan,Serena,Automatic,180000,2007,86000000
280,Nissan,Teana,Automatic,90000,2012,167000000
288,Nissan,Teana,Automatic,90000,2012,167000000
291,Nissan,Teana,Automatic,90000,2012,167000000
262,Nissan,Teana,Automatic,150000,2010,134000000
284,Nissan,Teana,Automatic,110000,2010,134000000
494,Nissan,X-Trail,Automatic,50000,2016,257000000
687,Nissan,X-Trail,Automatic,50000,2016,260000000
235,Nissan,X-Trail,Automatic,70000,2015,225000000
308,Nissan,X-Trail,Automatic,140000,2015,235000000
314,Nissan,X-Trail,Automatic,100000,2015,225000000
316,Nissan,X-Trail,Automatic,70000,2015,225000000
323,Nissan,X-Trail,Automatic,100000,2015,225000000
501,Nissan,X-Trail,Automatic,35000,2015,265000000
755,Nissan,X-Trail,Automatic,110000,2015,205000000
1966,Nissan,X-Trail,Automatic,130000,2015,207000000
1039,Nissan,X-Trail,Automatic,110000,2014,188000000
1350,Nissan,X-Trail,Automatic,145000,2012,139000000
190,Nissan,X-Trail,Automatic,105000,2011,135000000
1298,Nissan,X-Trail,Automatic,100000,2011,135000000
1303,Nissan,X-Trail,Automatic,100000,2011,135000000
1304,Nissan,X-Trail,Automatic,100000,2011,135000000
1418,Nissan,X-Trail,Automatic,105000,2011,130000000
2000,Nissan,X-Trail,Automatic,95000,2011,129000000
1334,Nissan,X-Trail,Manual,120000,2010,118000000
1905,Nissan,X-Trail,Automatic,130000,2009,115000000
1754,Nissan,X-Trail,Automatic,150000,2006,82000000
219,Others,Cooper,Automatic,45000,2010,438000000
222,Others,Cooper,Automatic,45000,2010,438000000
281,Others,Cooper,Automatic,45000,2010,438000000
315,Others,Cooper,Automatic,45000,2010,438000000
1786,Others,Others,Automatic,5000,2019,869000000
804,Others,Others,Automatic,15000,2018,545000000
540,Others,Others,Automatic,5000,2017,880000000
818,Others,Others,Automatic,50000,2017,178000000
853,Others,Others,Automatic,50000,2017,175000000
1845,Others,Others,Automatic,30000,2017,665000000
63,Others,Others,Automatic,65000,2015,450000000
259,Others,Others,Automatic,65000,2015,450000000
461,Others,Others,Automatic,15000,2013,2099000000
908,Others,Others,Automatic,105000,2013,160000000
1887,Others,Others,Automatic,90000,2013,425000000
307,Others,Others,Automatic,60000,2012,159000000
696,Others,Others,Automatic,125000,2012,245000000
731,Others,Others,Automatic,110000,2012,850000000
810,Others,Others,Automatic,50000,2012,585000000
1195,Others,Others,Automatic,115000,2012,149900000
1196,Others,Others,Automatic,115000,2012,149900000
1292,Others,Others,Automatic,115000,2012,149000000
502,Others,Others,Automatic,115000,2008,235000000
1572,Others,Others,Automatic,105000,2000,97000000
362,Suzuki,Apv,Manual,15000,2020,129000000
1026,Suzuki,Apv,Manual,15000,2020,193000000
1843,Suzuki,Apv,Manual,15000,2020,129000000
1568,Suzuki,Apv,Manual,15000,2017,98000000
1989,Suzuki,Apv,Manual,90000,2016,107000000
1717,Suzuki,Apv,Manual,120000,2009,78000000
1831,Suzuki,Apv,Manual,105000,2008,75000000
1617,Suzuki,Apv,Manual,200000,2005,68000000
702,Suzuki,Baleno,Automatic,30000,2020,219000000
960,Suzuki,Baleno,Automatic,55000,2019,185000000
985,Suzuki,Baleno,Automatic,40000,2019,181500000
1129,Suzuki,Baleno,Automatic,65000,2019,195000000
1822,Suzuki,Baleno,Automatic,45000,2019,185000000
449,Suzuki,Baleno,Automatic,55000,2017,164000000
819,Suzuki,Baleno,Automatic,25000,2017,175000000
831,Suzuki,Baleno,Automatic,30000,2017,175000000
517,Suzuki,Baleno,Manual,205000,2000,47500000
1958,Suzuki,Baleno,Manual,120000,2000,51000000
1550,Suzuki,Baleno,Manual,165000,1996,30000000
668,Suzuki,Carry,Manual,20000,2021,119000000
347,Suzuki,Carry,Manual,20000,2020,99000000
1530,Suzuki,Carry,Manual,20000,2020,98000000
1741,Suzuki,Carry,Manual,45000,2020,92000000
1505,Suzuki,Carry,Manual,60000,2018,77000000
1518,Suzuki,Carry,Manual,75000,2018,93000000
1742,Suzuki,Carry,Manual,75000,2018,92000000
671,Suzuki,Carry,Manual,300000,1986,15000000
924,Suzuki,Ertiga,Automatic,5000,2022,200000000
1787,Suzuki,Ertiga,Automatic,10000,2021,219000000
357,Suzuki,Ertiga,Manual,35000,2019,165000000
978,Suzuki,Ertiga,Manual,95000,2019,168000000
1791,Suzuki,Ertiga,Manual,95000,2019,168000000
299,Suzuki,Ertiga,Manual,75000,2018,162000000
915,Suzuki,Ertiga,Manual,120000,2018,155000000
965,Suzuki,Ertiga,Manual,120000,2018,163000000
984,Suzuki,Ertiga,Manual,80000,2018,179000000
996,Suzuki,Ertiga,Manual,50000,2018,155000000
1091,Suzuki,Ertiga,Automatic,55000,2018,200000000
1104,Suzuki,Ertiga,Manual,65000,2018,189000000
1107,Suzuki,Ertiga,Automatic,55000,2018,200000000
1404,Suzuki,Ertiga,Manual,95000,2018,149500000
467,Suzuki,Ertiga,Manual,65000,2017,160000000
640,Suzuki,Ertiga,Automatic,90000,2017,165000000
1053,Suzuki,Ertiga,Manual,60000,2017,155000000
1337,Suzuki,Ertiga,Manual,85000,2017,130000000
52,Suzuki,Ertiga,Manual,70000,2016,138000000
653,Suzuki,Ertiga,Automatic,80000,2016,164000000
1040,Suzuki,Ertiga,Automatic,30000,2016,150000000
1378,Suzuki,Ertiga,Manual,70000,2016,145000000
1333,Suzuki,Ertiga,Manual,125000,2015,135000000
254,Suzuki,Ertiga,Automatic,80000,2014,147000000
1150,Suzuki,Ertiga,Manual,45000,2014,132000000
1285,Suzuki,Ertiga,Automatic,110000,2014,135000000
1310,Suzuki,Ertiga,Manual,30000,2014,134000000
1357,Suzuki,Ertiga,Automatic,85000,2014,144000000
1410,Suzuki,Ertiga,Manual,115000,2014,133000000
15,Suzuki,Ertiga,Manual,80000,2013,133000000
104,Suzuki,Ertiga,Automatic,95000,2013,130000000
1210,Suzuki,Ertiga,Automatic,165000,2013,117000000
1411,Suzuki,Ertiga,Manual,200000,2013,114000000
1438,Suzuki,Ertiga,Manual,115000,2013,132000000
628,Suzuki,Ertiga,Manual,135000,2012,109000000
1388,Suzuki,Ertiga,Manual,30000,2012,110000000
377,Suzuki,Escudo,Manual,120000,2004,75000000
1596,Suzuki,Escudo,Manual,300000,1997,59000000
1631,Suzuki,Escudo,Manual,300000,1997,59000000
1633,Suzuki,Escudo,Manual,300000,1997,59000000
1634,Suzuki,Escudo,Manual,300000,1997,59000000
247,Suzuki,Futura,Manual,65000,2019,104000000
188,Suzuki,Futura,Manual,105000,2016,78000000
980,Suzuki,Ignis,Automatic,20000,2021,175000000
1084,Suzuki,Ignis,Automatic,20000,2021,175000000
470,Suzuki,Ignis,Automatic,10000,2020,143000000
904,Suzuki,Ignis,Automatic,25000,2020,175000000
1837,Suzuki,Ignis,Manual,15000,2019,127000000
1867,Suzuki,Ignis,Automatic,40000,2019,145000000
27,Suzuki,Ignis,Manual,30000,2018,133000000
42,Suzuki,Ignis,Automatic,35000,2018,149000000
617,Suzuki,Ignis,Automatic,35000,2018,140000000
1014,Suzuki,Ignis,Automatic,55000,2018,155000000
1162,Suzuki,Ignis,Manual,50000,2018,130000000
1179,Suzuki,Ignis,Manual,80000,2018,123000000
1256,Suzuki,Ignis,Manual,50000,2018,130000000
1279,Suzuki,Ignis,Manual,55000,2018,129000000
1393,Suzuki,Ignis,Manual,55000,2018,129000000
1396,Suzuki,Ignis,Manual,25000,2018,125000000
1405,Suzuki,Ignis,Manual,25000,2018,125000000
393,Suzuki,Ignis,Manual,50000,2017,119000000
775,Suzuki,Ignis,Manual,50000,2017,118000000
1237,Suzuki,Ignis,Automatic,70000,2017,130000000
1239,Suzuki,Ignis,Automatic,90000,2017,135000000
1428,Suzuki,Ignis,Manual,65000,2017,124000000
1430,Suzuki,Ignis,Manual,65000,2017,124000000
1734,Suzuki,Karimun,Manual,220000,2003,59000000
1737,Suzuki,Karimun,Manual,215000,2003,59000000
1740,Suzuki,Karimun,Manual,215000,2003,59000000
1745,Suzuki,Karimun,Manual,215000,2003,59000000
1567,Suzuki,Others,Manual,5000,2022,80000000
1873,Suzuki,Others,Manual,5000,2022,147000000
487,Suzuki,Others,Manual,15000,2021,118000000
1233,Suzuki,Others,Manual,10000,2021,108500000
1602,Suzuki,Others,Manual,5000,2021,70000000
1784,Suzuki,Others,Manual,15000,2021,78000000
471,Suzuki,Others,Manual,60000,2019,90000000
516,Suzuki,Others,Manual,40000,2019,90000000
942,Suzuki,Others,Manual,30000,2017,150000000
1618,Suzuki,Others,Manual,75000,2017,95000000
1645,Suzuki,Others,Automatic,45000,2017,95000000
657,Suzuki,Others,Manual,30000,2016,95000000
1577,Suzuki,Others,Automatic,50000,2016,91000000
1667,Suzuki,Others,Automatic,50000,2016,91000000
1752,Suzuki,Others,Manual,90000,2016,75000000
1762,Suzuki,Others,Automatic,50000,2016,91000000
12,Suzuki,Others,Automatic,65000,2015,87000000
1681,Suzuki,Others,Manual,35000,2015,92500000
1666,Suzuki,Others,Manual,65000,2014,81000000
1789,Suzuki,Others,Manual,110000,2014,74000000
1714,Suzuki,Others,Manual,155000,2012,75000000
1553,Suzuki,Others,Manual,140000,2011,79000000
1889,Suzuki,Others,Manual,135000,2011,49000000
1534,Suzuki,Others,Manual,125000,2010,80000000
1698,Suzuki,Others,Automatic,195000,2010,87000000
1340,Suzuki,Others,Automatic,245000,2009,101000000
1373,Suzuki,Others,Automatic,245000,2009,101000000
1986,Suzuki,Others,Automatic,245000,2009,101000000
1708,Suzuki,Others,Automatic,200000,2007,88000000
445,Suzuki,Others,Manual,80000,2004,77500000
1607,Suzuki,Others,Manual,40000,2004,87000000
1498,Suzuki,Others,Manual,70000,1997,68000000
1579,Suzuki,Others,Manual,215000,1991,24000000
745,Suzuki,Others,Manual,120000,1990,46000000
187,Suzuki,Others,Manual,90000,1988,60000000
1705,Suzuki,Others,Manual,500000,1988,42000000
1137,Suzuki,Swift,Automatic,90000,2016,155000000
472,Suzuki,Swift,Automatic,95000,2014,145000000
681,Suzuki,Swift,Automatic,120000,2012,120000000
92,Suzuki,Swift,Manual,145000,2011,100000000
94,Suzuki,Swift,Manual,145000,2011,100000000
201,Suzuki,Swift,Manual,145000,2011,100000000
213,Suzuki,Swift,Automatic,135000,2011,125000000
1305,Suzuki,Swift,Automatic,95000,2011,125000000
1323,Suzuki,Swift,Automatic,95000,2011,125000000
270,Suzuki,Swift,Manual,20000,2008,76000000
1469,Suzuki,Swift,Automatic,160000,2008,89900000
1478,Suzuki,Swift,Automatic,160000,2008,89900000
1521,Suzuki,Swift,Automatic,160000,2008,89900000
1775,Suzuki,Swift,Manual,120000,2008,90000000
423,Suzuki,Swift,Automatic,190000,2007,70000000
173,Suzuki,Sx4,Automatic,55000,2018,199000000
242,Suzuki,Sx4,Manual,50000,2018,182000000
261,Suzuki,Sx4,Automatic,55000,2018,199000000
440,Suzuki,Sx4,Automatic,45000,2018,207000000
906,Suzuki,Sx4,Automatic,55000,2018,199000000
1000,Suzuki,Sx4,Automatic,55000,2018,199000000
1003,Suzuki,Sx4,Automatic,55000,2018,199000000
1070,Suzuki,Sx4,Manual,35000,2018,186000000
1870,Suzuki,Sx4,Automatic,55000,2018,199000000
369,Suzuki,Sx4,Manual,50000,2017,182000000
372,Suzuki,Sx4,Manual,50000,2017,182000000
1141,Suzuki,Sx4,Automatic,120000,2016,168300000
297,Suzuki,Sx4,Automatic,145000,2011,109500000
355,Suzuki,Sx4,Automatic,145000,2011,109500000
371,Suzuki,Sx4,Automatic,145000,2011,109500000
373,Suzuki,Sx4,Automatic,145000,2011,109500000
1502,Suzuki,Sx4,Manual,90000,2010,98000000
1613,Suzuki,Sx4,Automatic,185000,2008,81500000
1182,Toyota,Agya,Manual,10000,2021,141000000
1183,Toyota,Agya,Manual,10000,2021,141000000
1353,Toyota,Agya,Manual,10000,2021,141000000
1972,Toyota,Agya,Automatic,15000,2021,155000000
453,Toyota,Agya,Automatic,25000,2020,148000000
1172,Toyota,Agya,Manual,25000,2020,139000000
1372,Toyota,Agya,Manual,10000,2020,138000000
349,Toyota,Agya,Automatic,70000,2019,132000000
1317,Toyota,Agya,Manual,45000,2019,129000000
1318,Toyota,Agya,Manual,45000,2019,129000000
1356,Toyota,Agya,Automatic,40000,2019,136000000
1374,Toyota,Agya,Automatic,45000,2019,138000000
1375,Toyota,Agya,Automatic,45000,2019,138000000
1809,Toyota,Agya,Manual,45000,2019,135000000
161,Toyota,Agya,Automatic,55000,2018,120000000
163,Toyota,Agya,Automatic,55000,2018,120000000
226,Toyota,Agya,Manual,60000,2018,125000000
321,Toyota,Agya,Automatic,30000,2018,129900000
360,Toyota,Agya,Automatic,55000,2018,120000000
1155,Toyota,Agya,Automatic,35000,2018,127000000
1156,Toyota,Agya,Automatic,35000,2018,127000000
1157,Toyota,Agya,Automatic,75000,2018,127000000
1158,Toyota,Agya,Automatic,75000,2018,127000000
1426,Toyota,Agya,Manual,110000,2018,112000000
1439,Toyota,Agya,Automatic,55000,2018,120000000
40,Toyota,Agya,Manual,75000,2017,95000000
1272,Toyota,Agya,Automatic,55000,2017,118000000
1392,Toyota,Agya,Manual,45000,2017,124000000
1732,Toyota,Agya,Manual,20000,2017,95000000
1959,Toyota,Agya,Automatic,55000,2017,126000000
411,Toyota,Agya,Manual,55000,2016,108000000
1280,Toyota,Agya,Manual,75000,2016,105000000
1444,Toyota,Agya,Manual,55000,2016,95000000
1548,Toyota,Agya,Manual,55000,2016,93000000
1549,Toyota,Agya,Manual,55000,2016,93000000
1573,Toyota,Agya,Manual,110000,2016,98000000
1664,Toyota,Agya,Manual,110000,2016,98000000
1771,Toyota,Agya,Manual,70000,2016,89000000
95,Toyota,Agya,Automatic,75000,2015,98000000
97,Toyota,Agya,Automatic,75000,2015,98000000
105,Toyota,Agya,Automatic,75000,2015,98000000
107,Toyota,Agya,Automatic,75000,2015,98000000
223,Toyota,Agya,Automatic,75000,2015,98000000
1557,Toyota,Agya,Automatic,50000,2015,99000000
1615,Toyota,Agya,Automatic,80000,2015,98000000
1616,Toyota,Agya,Automatic,75000,2015,98000000
1450,Toyota,Agya,Manual,105000,2014,87000000
1499,Toyota,Agya,Automatic,75000,2014,99000000
1586,Toyota,Agya,Manual,75000,2014,96500000
1654,Toyota,Agya,Manual,165000,2014,96000000
1712,Toyota,Agya,Manual,50000,2014,79000000
1531,Toyota,Agya,Manual,90000,2013,85000000
1620,Toyota,Agya,Manual,50000,2013,93000000
1675,Toyota,Agya,Automatic,130000,2013,77500000
1757,Toyota,Agya,Manual,90000,2013,85000000
685,Toyota,Alphard,Automatic,50000,2019,1120000000
433,Toyota,Alphard,Automatic,80000,2017,799000000
758,Toyota,Alphard,Automatic,35000,2017,870000000
181,Toyota,Alphard,Automatic,85000,2015,795000000
728,Toyota,Alphard,Automatic,65000,2012,330000000
1939,Toyota,Alphard,Automatic,130000,2009,249000000
407,Toyota,Alphard,Automatic,125000,2007,175000000
1833,Toyota,Alphard,Automatic,100000,2007,169000000
1144,Toyota,Alphard,Automatic,120000,2006,189000000
882,Toyota,Alphard,Automatic,90000,2003,157000000
543,Toyota,Avanza,Manual,5000,2021,270000000
603,Toyota,Avanza,Automatic,20000,2021,267000000
1814,Toyota,Avanza,Automatic,5000,2021,300000000
1840,Toyota,Avanza,Automatic,15000,2021,280000000
1954,Toyota,Avanza,Automatic,15000,2021,289000000
241,Toyota,Avanza,Automatic,70000,2019,171200000
485,Toyota,Avanza,Automatic,100000,2019,198000000
590,Toyota,Avanza,Manual,70000,2019,160000000
827,Toyota,Avanza,Automatic,50000,2019,190000000
855,Toyota,Avanza,Automatic,50000,2019,184000000
860,Toyota,Avanza,Automatic,60000,2019,187000000
1021,Toyota,Avanza,Manual,60000,2019,181000000
1030,Toyota,Avanza,Manual,40000,2019,169900000
1067,Toyota,Avanza,Manual,70000,2019,182000000
1105,Toyota,Avanza,Manual,45000,2019,180000000
109,Toyota,Avanza,Automatic,65000,2018,165000000
113,Toyota,Avanza,Automatic,65000,2018,165000000
115,Toyota,Avanza,Automatic,65000,2018,165000000
117,Toyota,Avanza,Automatic,65000,2018,165000000
200,Toyota,Avanza,Automatic,80000,2018,155000000
318,Toyota,Avanza,Automatic,70000,2018,151000000
341,Toyota,Avanza,Automatic,60000,2018,165000000
409,Toyota,Avanza,Manual,65000,2018,158000000
451,Toyota,Avanza,Manual,55000,2018,185000000
600,Toyota,Avanza,Manual,70000,2018,145000000
620,Toyota,Avanza,Automatic,40000,2018,190000000
623,Toyota,Avanza,Automatic,70000,2018,190000000
1010,Toyota,Avanza,Automatic,60000,2018,165000000
1012,Toyota,Avanza,Automatic,60000,2018,165000000
1109,Toyota,Avanza,Manual,50000,2018,180000000
1218,Toyota,Avanza,Manual,80000,2018,149000000
1306,Toyota,Avanza,Automatic,100000,2018,149000000
1312,Toyota,Avanza,Manual,120000,2018,145000000
1997,Toyota,Avanza,Manual,20000,2018,168000000
47,Toyota,Avanza,Manual,95000,2017,160000000
57,Toyota,Avanza,Manual,95000,2017,160000000
59,Toyota,Avanza,Manual,95000,2017,160000000
62,Toyota,Avanza,Manual,95000,2017,160000000
348,Toyota,Avanza,Automatic,65000,2017,160000000
354,Toyota,Avanza,Automatic,65000,2017,160000000
366,Toyota,Avanza,Automatic,65000,2017,160000000
723,Toyota,Avanza,Automatic,75000,2017,135000000
935,Toyota,Avanza,Manual,20000,2017,155000000
939,Toyota,Avanza,Manual,85000,2017,155000000
1020,Toyota,Avanza,Manual,70000,2017,155000000
1033,Toyota,Avanza,Manual,100000,2017,152000000
1036,Toyota,Avanza,Automatic,110000,2017,153000000
1138,Toyota,Avanza,Manual,70000,2017,155000000
1202,Toyota,Avanza,Manual,105000,2017,137000000
1330,Toyota,Avanza,Automatic,90000,2017,145000000
862,Toyota,Avanza,Manual,145000,2016,169900000
864,Toyota,Avanza,Manual,145000,2016,169900000
912,Toyota,Avanza,Manual,60000,2016,165000000
917,Toyota,Avanza,Manual,145000,2016,168700000
1258,Toyota,Avanza,Automatic,75000,2016,135000000
1259,Toyota,Avanza,Automatic,75000,2016,135000000
1260,Toyota,Avanza,Automatic,75000,2016,135000000
1261,Toyota,Avanza,Automatic,75000,2016,135000000
218,Toyota,Avanza,Automatic,90000,2015,129000000
282,Toyota,Avanza,Manual,95000,2015,140000000
388,Toyota,Avanza,Manual,100000,2015,149000000
570,Toyota,Avanza,Manual,105000,2015,130000000
837,Toyota,Avanza,Manual,100000,2015,156000000
967,Toyota,Avanza,Manual,145000,2015,167000000
975,Toyota,Avanza,Automatic,120000,2015,150000000
1077,Toyota,Avanza,Manual,45000,2015,153000000
1116,Toyota,Avanza,Manual,45000,2015,153000000
1124,Toyota,Avanza,Automatic,20000,2015,160000000
1181,Toyota,Avanza,Manual,100000,2015,139000000
1212,Toyota,Avanza,Manual,50000,2015,140000000
1215,Toyota,Avanza,Manual,50000,2015,140000000
1219,Toyota,Avanza,Manual,50000,2015,140000000
1223,Toyota,Avanza,Manual,50000,2015,140000000
1408,Toyota,Avanza,Automatic,90000,2015,140000000
1435,Toyota,Avanza,Automatic,110000,2015,128000000
1912,Toyota,Avanza,Manual,100000,2015,149000000
1980,Toyota,Avanza,Manual,115000,2015,149000000
1984,Toyota,Avanza,Manual,95000,2015,143000000
189,Toyota,Avanza,Manual,70000,2014,134000000
239,Toyota,Avanza,Manual,70000,2014,148000000
643,Toyota,Avanza,Manual,140000,2014,115000000
1164,Toyota,Avanza,Manual,85000,2014,112000000
1209,Toyota,Avanza,Automatic,55000,2014,142000000
1249,Toyota,Avanza,Automatic,130000,2014,115000000
1336,Toyota,Avanza,Manual,180000,2014,110000000
1365,Toyota,Avanza,Automatic,120000,2014,130000000
1792,Toyota,Avanza,Manual,85000,2014,112000000
26,Toyota,Avanza,Manual,235000,2013,127000000
320,Toyota,Avanza,Manual,105000,2013,117000000
325,Toyota,Avanza,Manual,105000,2013,117000000
330,Toyota,Avanza,Manual,105000,2013,117000000
333,Toyota,Avanza,Manual,105000,2013,117000000
342,Toyota,Avanza,Manual,105000,2013,117000000
359,Toyota,Avanza,Manual,105000,2013,117000000
399,Toyota,Avanza,Manual,90000,2013,138000000
635,Toyota,Avanza,Automatic,85000,2013,130000000
1145,Toyota,Avanza,Automatic,90000,2013,145000000
1163,Toyota,Avanza,Manual,125000,2013,124000000
1190,Toyota,Avanza,Manual,165000,2013,126000000
1276,Toyota,Avanza,Manual,100000,2013,119000000
1307,Toyota,Avanza,Manual,100000,2013,119000000
1319,Toyota,Avanza,Manual,100000,2013,119000000
1395,Toyota,Avanza,Manual,95000,2013,124000000
310,Toyota,Avanza,Automatic,85000,2012,115000000
358,Toyota,Avanza,Automatic,90000,2012,126000000
783,Toyota,Avanza,Automatic,185000,2012,107000000
1165,Toyota,Avanza,Automatic,170000,2012,121000000
1314,Toyota,Avanza,Automatic,145000,2012,117000000
1360,Toyota,Avanza,Automatic,145000,2012,117000000
1361,Toyota,Avanza,Automatic,145000,2012,117000000
1366,Toyota,Avanza,Automatic,170000,2012,121000000
1433,Toyota,Avanza,Manual,160000,2012,117000000
1811,Toyota,Avanza,Automatic,100000,2012,120000000
1838,Toyota,Avanza,Manual,110000,2012,129000000
71,Toyota,Avanza,Automatic,125000,2011,129000000
304,Toyota,Avanza,Manual,110000,2011,109000000
374,Toyota,Avanza,Manual,110000,2011,109000000
1211,Toyota,Avanza,Manual,145000,2011,107000000
1338,Toyota,Avanza,Manual,115000,2011,108000000
1348,Toyota,Avanza,Manual,185000,2011,102000000
1391,Toyota,Avanza,Manual,150000,2010,102000000
1463,Toyota,Avanza,Automatic,65000,2010,89900000
1464,Toyota,Avanza,Automatic,65000,2010,89900000
1471,Toyota,Avanza,Automatic,145000,2010,100000000
1526,Toyota,Avanza,Automatic,65000,2010,89900000
1990,Toyota,Avanza,Manual,500000,2010,91000000
1637,Toyota,Avanza,Manual,260000,2008,90000000
1774,Toyota,Avanza,Manual,160000,2008,95000000
252,Toyota,Calya,Automatic,25000,2021,154000000
271,Toyota,Calya,Automatic,25000,2021,154000000
279,Toyota,Calya,Automatic,25000,2021,154000000
283,Toyota,Calya,Automatic,25000,2021,154000000
384,Toyota,Calya,Automatic,25000,2021,154000000
1176,Toyota,Calya,Manual,25000,2020,130000000
1301,Toyota,Calya,Manual,35000,2020,120000000
1352,Toyota,Calya,Automatic,80000,2020,140000000
22,Toyota,Calya,Automatic,95000,2019,131000000
60,Toyota,Calya,Automatic,35000,2019,137000000
294,Toyota,Calya,Automatic,70000,2019,124000000
1205,Toyota,Calya,Automatic,20000,2019,136000000
1284,Toyota,Calya,Automatic,40000,2019,133000000
1928,Toyota,Calya,Automatic,25000,2019,140000000
132,Toyota,Calya,Manual,95000,2018,119000000
542,Toyota,Calya,Automatic,90000,2018,133000000
1328,Toyota,Calya,Automatic,100000,2018,125000000
1358,Toyota,Calya,Automatic,65000,2018,123000000
1359,Toyota,Calya,Automatic,65000,2018,123000000
1436,Toyota,Calya,Manual,20000,2018,126000000
1461,Toyota,Calya,Automatic,75000,2018,99900000
1462,Toyota,Calya,Automatic,75000,2018,99900000
1523,Toyota,Calya,Automatic,75000,2018,99900000
1818,Toyota,Calya,Automatic,50000,2018,126000000
135,Toyota,Calya,Automatic,40000,2017,105000000
339,Toyota,Calya,Automatic,135000,2017,115000000
1206,Toyota,Calya,Manual,35000,2017,115000000
1288,Toyota,Calya,Automatic,85000,2017,127000000
421,Toyota,Camry,Automatic,120000,2017,115000000
771,Toyota,Camry,Automatic,110000,2013,225000000
948,Toyota,Camry,Automatic,110000,2012,173000000
573,Toyota,Camry,Automatic,230000,2011,156500000
1496,Toyota,Camry,Automatic,90000,2009,99000000
1497,Toyota,Camry,Automatic,90000,2009,99000000
1542,Toyota,Camry,Automatic,90000,2009,99900000
614,Toyota,Camry,Automatic,50000,2008,355000000
101,Toyota,Camry,Automatic,120000,2006,82000000
1216,Toyota,Camry,Automatic,145000,2006,106000000
1508,Toyota,Camry,Automatic,150000,2005,79900000
336,Toyota,Camry,Automatic,160000,2004,73000000
1994,Toyota,Camry,Automatic,200000,2002,70000000
589,Toyota,Corolla,Manual,155000,2000,85000000
720,Toyota,Corolla,Manual,500000,2000,23000000
654,Toyota,Corolla,Manual,100000,1999,50000000
806,Toyota,Corolla,Automatic,40000,1997,55000000
1680,Toyota,Corolla,Manual,145000,1995,42000000
1686,Toyota,Corolla,Manual,200000,1994,69500000
1687,Toyota,Corolla,Manual,200000,1994,69500000
1688,Toyota,Corolla,Manual,200000,1994,69500000
1604,Toyota,Corolla,Manual,215000,1992,50000000
1623,Toyota,Corolla,Manual,45000,1988,60000000
1460,Toyota,Corolla,Manual,65000,1986,30500000
575,Toyota,Corolla Altis,Automatic,80000,2017,283000000
583,Toyota,Corolla Altis,Automatic,80000,2016,227000000
699,Toyota,Corolla Altis,Automatic,165000,2013,129000000
169,Toyota,Corolla Altis,Automatic,95000,2009,97800000
1614,Toyota,Corolla Altis,Manual,155000,2005,80000000
1719,Toyota,Corolla Altis,Manual,280000,2002,69000000
1720,Toyota,Corolla Altis,Manual,280000,2002,69000000
1724,Toyota,Corolla Altis,Manual,280000,2002,69000000
1730,Toyota,Corolla Altis,Manual,280000,2002,69000000
565,Toyota,Fortuner,Automatic,5000,2021,575000000
644,Toyota,Fortuner,Automatic,25000,2020,538000000
812,Toyota,Fortuner,Automatic,40000,2020,515000000
74,Toyota,Fortuner,Automatic,50000,2019,497900000
678,Toyota,Fortuner,Automatic,40000,2019,487000000
5,Toyota,Fortuner,Automatic,70000,2018,462000000
436,Toyota,Fortuner,Automatic,45000,2018,449000000
508,Toyota,Fortuner,Automatic,80000,2018,442000000
557,Toyota,Fortuner,Automatic,35000,2018,435000000
633,Toyota,Fortuner,Automatic,115000,2017,402000000
178,Toyota,Fortuner,Automatic,40000,2016,395000000
298,Toyota,Fortuner,Automatic,85000,2016,388000000
572,Toyota,Fortuner,Automatic,50000,2016,408000000
1895,Toyota,Fortuner,Automatic,60000,2016,399000000
1975,Toyota,Fortuner,Automatic,70000,2016,390000000
1820,Toyota,Fortuner,Automatic,140000,2015,295000000
303,Toyota,Fortuner,Automatic,140000,2014,315000000
428,Toyota,Fortuner,Automatic,125000,2014,285000000
632,Toyota,Fortuner,Automatic,135000,2014,280000000
431,Toyota,Fortuner,Automatic,80000,2012,220000000
220,Toyota,Fortuner,Automatic,115000,2010,195000000
402,Toyota,Fortuner,Automatic,200000,2010,235000000
907,Toyota,Fortuner,Automatic,115000,2010,195000000
922,Toyota,Fortuner,Automatic,115000,2010,195000000
1029,Toyota,Fortuner,Automatic,175000,2009,187000000
404,Toyota,Fortuner,Automatic,130000,2008,200000000
815,Toyota,Harrier,Automatic,80000,2014,412000000
953,Toyota,Harrier,Automatic,105000,2010,189000000
398,Toyota,Harrier,Automatic,65000,2009,225000000
779,Toyota,Harrier,Automatic,120000,2005,135000000
1987,Toyota,Kijang,Manual,300000,2004,60000000
456,Toyota,Kijang,Manual,195000,2003,82000000
807,Toyota,Kijang,Automatic,20000,2003,70000000
37,Toyota,Kijang,Manual,180000,2002,85500000
1470,Toyota,Kijang,Manual,190000,2002,69000000
1589,Toyota,Kijang,Automatic,120000,2002,75000000
1648,Toyota,Kijang,Manual,280000,2002,77500000
81,Toyota,Kijang,Manual,150000,2000,70000000
140,Toyota,Kijang,Manual,150000,2000,70000000
142,Toyota,Kijang,Manual,150000,2000,70000000
143,Toyota,Kijang,Manual,150000,2000,70000000
332,Toyota,Kijang,Manual,150000,2000,70000000
1609,Toyota,Kijang,Manual,150000,2000,70000000
249,Toyota,Kijang,Automatic,100000,1999,53000000
1709,Toyota,Kijang,Manual,35000,1998,67000000
1676,Toyota,Kijang,Manual,145000,1992,36500000
212,Toyota,Kijang Innova,Automatic,35000,2021,433000000
417,Toyota,Kijang Innova,Automatic,20000,2021,480000000
667,Toyota,Kijang Innova,Automatic,10000,2021,430000000
746,Toyota,Kijang Innova,Automatic,10000,2021,435000000
365,Toyota,Kijang Innova,Automatic,15000,2020,365000000
784,Toyota,Kijang Innova,Automatic,20000,2020,380000000
1932,Toyota,Kijang Innova,Automatic,30000,2019,299000000
88,Toyota,Kijang Innova,Automatic,60000,2018,368400000
150,Toyota,Kijang Innova,Automatic,90000,2018,362500000
174,Toyota,Kijang Innova,Manual,65000,2018,335000000
1906,Toyota,Kijang Innova,Automatic,75000,2018,338000000
160,Toyota,Kijang Innova,Automatic,85000,2017,345000000
211,Toyota,Kijang Innova,Manual,55000,2017,262000000
244,Toyota,Kijang Innova,Automatic,95000,2017,298000000
245,Toyota,Kijang Innova,Manual,55000,2017,262000000
353,Toyota,Kijang Innova,Automatic,85000,2017,345000000
579,Toyota,Kijang Innova,Automatic,75000,2017,335000000
630,Toyota,Kijang Innova,Automatic,75000,2017,260000000
744,Toyota,Kijang Innova,Automatic,60000,2017,328000000
762,Toyota,Kijang Innova,Automatic,50000,2017,270000000
1908,Toyota,Kijang Innova,Automatic,80000,2017,349000000
1921,Toyota,Kijang Innova,Automatic,90000,2017,313000000
1991,Toyota,Kijang Innova,Automatic,75000,2017,285000000
273,Toyota,Kijang Innova,Automatic,70000,2016,249000000
238,Toyota,Kijang Innova,Manual,45000,2015,197000000
425,Toyota,Kijang Innova,Automatic,60000,2015,182000000
551,Toyota,Kijang Innova,Manual,60000,2015,193000000
1008,Toyota,Kijang Innova,Automatic,80000,2015,195000000
1126,Toyota,Kijang Innova,Automatic,140000,2015,195000000
221,Toyota,Kijang Innova,Automatic,115000,2014,172000000
295,Toyota,Kijang Innova,Manual,145000,2014,185000000
408,Toyota,Kijang Innova,Automatic,135000,2014,190000000
886,Toyota,Kijang Innova,Automatic,115000,2014,185000000
1118,Toyota,Kijang Innova,Automatic,130000,2014,180000000
1796,Toyota,Kijang Innova,Automatic,140000,2014,175000000
1952,Toyota,Kijang Innova,Automatic,130000,2014,180000000
43,Toyota,Kijang Innova,Automatic,90000,2013,185000000
45,Toyota,Kijang Innova,Automatic,90000,2013,185000000
121,Toyota,Kijang Innova,Automatic,105000,2013,195000000
236,Toyota,Kijang Innova,Automatic,90000,2013,185000000
704,Toyota,Kijang Innova,Automatic,95000,2013,185000000
919,Toyota,Kijang Innova,Automatic,155000,2013,165000000
285,Toyota,Kijang Innova,Automatic,80000,2012,160000000
964,Toyota,Kijang Innova,Automatic,100000,2012,156000000
1128,Toyota,Kijang Innova,Automatic,100000,2012,156000000
926,Toyota,Kijang Innova,Automatic,65000,2011,153000000
952,Toyota,Kijang Innova,Automatic,65000,2011,160000000
1051,Toyota,Kijang Innova,Automatic,65000,2011,153000000
826,Toyota,Kijang Innova,Manual,205000,2010,159000000
455,Toyota,Kijang Innova,Manual,130000,2009,137000000
895,Toyota,Kijang Innova,Manual,110000,2008,168000000
246,Toyota,Kijang Innova,Automatic,180000,2007,105500000
1427,Toyota,Kijang Innova,Manual,75000,2007,105000000
1324,Toyota,Kijang Innova,Manual,210000,2006,103000000
152,Toyota,Kijang Innova,Manual,205000,2005,98000000
1146,Toyota,Kijang Innova,Automatic,160000,2005,115000000
1331,Toyota,Kijang Innova,Manual,500000,2005,103000000
1555,Toyota,Kijang Innova,Manual,150000,2005,93000000
1621,Toyota,Kijang Innova,Manual,180000,2005,95000000
1622,Toyota,Kijang Innova,Manual,180000,2005,95000000
1624,Toyota,Kijang Innova,Manual,180000,2005,95000000
1625,Toyota,Kijang Innova,Manual,180000,2005,95000000
1626,Toyota,Kijang Innova,Manual,180000,2005,95000000
1750,Toyota,Kijang Innova,Manual,180000,2005,95000000
793,Toyota,Others,Automatic,5000,2022,488000000
559,Toyota,Others,Automatic,15000,2021,430000000
708,Toyota,Others,Automatic,10000,2021,266000000
1948,Toyota,Others,Automatic,5000,2021,256000000
535,Toyota,Others,Automatic,50000,2019,380000000
511,Toyota,Others,Manual,155000,2018,253000000
1855,Toyota,Others,Automatic,35000,2018,340000000
914,Toyota,Others,Manual,55000,2017,175000000
1904,Toyota,Others,Automatic,110000,2017,175000000
778,Toyota,Others,Automatic,55000,2015,555000000
2,Toyota,Others,Automatic,50000,2014,399000000
567,Toyota,Others,Manual,100000,2014,95000000
1484,Toyota,Others,Manual,120000,2014,83000000
629,Toyota,Others,Automatic,95000,2013,185000000
1537,Toyota,Others,Manual,100000,2013,83000000
1547,Toyota,Others,Manual,95000,2013,93000000
1692,Toyota,Others,Manual,115000,2013,85000000
1697,Toyota,Others,Manual,95000,2013,87000000
1758,Toyota,Others,Manual,300000,2013,94500000
672,Toyota,Others,Manual,30000,2012,157000000
932,Toyota,Others,Automatic,115000,2012,165000000
1159,Toyota,Others,Automatic,125000,2003,145000000
99,Toyota,Others,Automatic,180000,1996,25500000
204,Toyota,Others,Manual,160000,1996,38000000
1583,Toyota,Others,Manual,300000,1996,34500000
537,Toyota,Others,Manual,185000,1995,45000000
703,Toyota,Others,Manual,195000,1995,85000000
1751,Toyota,Others,Manual,300000,1995,35000000
439,Toyota,Others,Automatic,165000,1994,48000000
564,Toyota,Others,Automatic,125000,1994,65000000
1453,Toyota,Others,Manual,200000,1994,62500000
1608,Toyota,Others,Manual,45000,1994,49000000
1659,Toyota,Others,Manual,180000,1993,69500000
1725,Toyota,Others,Manual,185000,1993,25000000
491,Toyota,Others,Manual,300000,1991,75000000
1629,Toyota,Others,Manual,300000,1988,50000000
1673,Toyota,Others,Manual,15000,1988,25000000
272,Toyota,Rush,Automatic,5000,2022,256000000
251,Toyota,Rush,Automatic,25000,2021,250000000
415,Toyota,Rush,Manual,35000,2021,240000000
666,Toyota,Rush,Automatic,10000,2021,275000000
1824,Toyota,Rush,Automatic,10000,2021,254000000
688,Toyota,Rush,Automatic,15000,2020,245000000
1899,Toyota,Rush,Automatic,35000,2020,249000000
25,Toyota,Rush,Automatic,15000,2019,264000000
550,Toyota,Rush,Automatic,70000,2019,230000000
1050,Toyota,Rush,Automatic,65000,2019,150000000
1942,Toyota,Rush,Automatic,55000,2019,225000000
144,Toyota,Rush,Automatic,50000,2018,245000000
664,Toyota,Rush,Manual,70000,2018,230000000
17,Toyota,Rush,Automatic,65000,2017,187000000
80,Toyota,Rush,Automatic,30000,2017,205000000
840,Toyota,Rush,Manual,85000,2017,181000000
969,Toyota,Rush,Manual,85000,2017,181000000
986,Toyota,Rush,Manual,85000,2017,181000000
313,Toyota,Rush,Manual,20000,2016,165000000
1136,Toyota,Rush,Manual,105000,2016,183000000
777,Toyota,Rush,Manual,100000,2015,165000000
897,Toyota,Rush,Automatic,80000,2015,160000000
921,Toyota,Rush,Automatic,60000,2015,171000000
950,Toyota,Rush,Manual,45000,2015,153000000
1079,Toyota,Rush,Automatic,60000,2015,156000000
1123,Toyota,Rush,Automatic,120000,2015,154000000
1127,Toyota,Rush,Manual,50000,2015,170000000
519,Toyota,Rush,Manual,120000,2014,156000000
120,Toyota,Rush,Manual,145000,2013,146000000
380,Toyota,Rush,Automatic,145000,2013,139000000
599,Toyota,Rush,Automatic,115000,2012,130000000
1291,Toyota,Rush,Automatic,155000,2012,139000000
1268,Toyota,Rush,Automatic,155000,2011,139000000
1225,Toyota,Rush,Automatic,140000,2010,126000000
1065,Toyota,Sienta,Automatic,55000,2018,185000000
1111,Toyota,Sienta,Manual,40000,2018,168000000
28,Toyota,Sienta,Automatic,75000,2017,195000000
73,Toyota,Sienta,Automatic,45000,2017,189000000
75,Toyota,Sienta,Automatic,45000,2017,189000000
82,Toyota,Sienta,Automatic,75000,2017,195000000
302,Toyota,Sienta,Automatic,45000,2017,189000000
312,Toyota,Sienta,Manual,80000,2017,157000000
356,Toyota,Sienta,Automatic,75000,2017,180000000
639,Toyota,Sienta,Automatic,75000,2017,190000000
729,Toyota,Sienta,Automatic,75000,2017,180000000
839,Toyota,Sienta,Automatic,65000,2017,187000000
844,Toyota,Sienta,Automatic,75000,2017,185000000
868,Toyota,Sienta,Automatic,100000,2017,165000000
872,Toyota,Sienta,Automatic,95000,2017,163000000
875,Toyota,Sienta,Automatic,70000,2017,173000000
916,Toyota,Sienta,Automatic,90000,2017,184000000
933,Toyota,Sienta,Automatic,75000,2017,195000000
934,Toyota,Sienta,Automatic,90000,2017,184000000
940,Toyota,Sienta,Automatic,75000,2017,195000000
946,Toyota,Sienta,Automatic,90000,2017,184000000
1086,Toyota,Sienta,Manual,55000,2017,175000000
1122,Toyota,Sienta,Automatic,85000,2017,174000000
335,Toyota,Sienta,Automatic,90000,2016,200000000
368,Toyota,Sienta,Manual,45000,2016,143000000
876,Toyota,Sienta,Automatic,70000,2016,185000000
878,Toyota,Sienta,Automatic,70000,2016,185000000
879,Toyota,Sienta,Automatic,70000,2016,185000000
880,Toyota,Sienta,Automatic,70000,2016,185000000
945,Toyota,Sienta,Automatic,45000,2016,173000000
955,Toyota,Sienta,Automatic,80000,2016,195000000
959,Toyota,Sienta,Automatic,90000,2016,200000000
1025,Toyota,Sienta,Automatic,85000,2016,195000000
1028,Toyota,Sienta,Automatic,85000,2016,195000000
1031,Toyota,Sienta,Automatic,85000,2016,195000000
1032,Toyota,Sienta,Automatic,85000,2016,195000000
1034,Toyota,Sienta,Automatic,85000,2016,195000000
1379,Toyota,Sienta,Manual,45000,2016,143000000
1477,Toyota,Starlet,Manual,60000,1993,44000000
698,Toyota,Vellfire,Automatic,10000,2020,1090000000
1819,Toyota,Vellfire,Automatic,15000,2020,1090000000
727,Toyota,Vellfire,Automatic,75000,2017,820000000
767,Toyota,Vellfire,Automatic,70000,2017,865000000
459,Toyota,Vellfire,Automatic,65000,2016,850000000
721,Toyota,Vellfire,Automatic,55000,2015,825000000
658,Toyota,Vellfire,Automatic,105000,2013,370000000
260,Toyota,Vellfire,Automatic,195000,2012,293000000
1788,Toyota,Vios,Manual,110000,2014,137000000
1245,Toyota,Vios,Automatic,105000,2013,130000000
139,Toyota,Vios,Manual,140000,2011,60000000
1776,Toyota,Vios,Manual,170000,2011,79000000
217,Toyota,Vios,Automatic,150000,2010,107000000
538,Toyota,Vios,Automatic,115000,2010,113000000
1527,Toyota,Vios,Manual,300000,2009,57000000
1556,Toyota,Vios,Automatic,100000,2009,79000000
383,Toyota,Vios,Manual,155000,2008,83000000
91,Toyota,Voxy,Automatic,15000,2020,455000000
736,Toyota,Voxy,Automatic,35000,2020,480000000
319,Toyota,Voxy,Automatic,65000,2018,385000000
483,Toyota,Voxy,Automatic,50000,2018,420000000
1881,Toyota,Voxy,Automatic,65000,2018,385000000
96,Toyota,Voxy,Automatic,50000,2017,381000000
1962,Toyota,Voxy,Automatic,50000,2017,381000000
1100,Toyota,Will,Automatic,95000,2018,170000000
1101,Toyota,Will,Automatic,95000,2003,170000000
1102,Toyota,Will,Automatic,95000,2003,170000000
1103,Toyota,Will,Automatic,95000,2003,170000000
684,Toyota,Yaris,Automatic,35000,2020,252000000
21,Toyota,Yaris,Automatic,10000,2019,249000000
186,Toyota,Yaris,Automatic,20000,2019,247000000
482,Toyota,Yaris,Automatic,50000,2019,229000000
769,Toyota,Yaris,Automatic,35000,2019,235000000
1914,Toyota,Yaris,Automatic,30000,2019,239000000
4,Toyota,Yaris,Automatic,45000,2018,229000000
69,Toyota,Yaris,Automatic,60000,2018,220000000
701,Toyota,Yaris,Automatic,45000,2018,218000000
1877,Toyota,Yaris,Automatic,60000,2018,235000000
732,Toyota,Yaris,Automatic,30000,2017,195000000
881,Toyota,Yaris,Automatic,75000,2017,198000000
1027,Toyota,Yaris,Automatic,30000,2017,186000000
343,Toyota,Yaris,Automatic,40000,2016,170000000
510,Toyota,Yaris,Automatic,95000,2016,175000000
825,Toyota,Yaris,Automatic,90000,2015,184000000
859,Toyota,Yaris,Automatic,90000,2015,186000000
871,Toyota,Yaris,Automatic,100000,2015,162000000
885,Toyota,Yaris,Manual,5000,2015,157500000
979,Toyota,Yaris,Automatic,50000,2015,172000000
981,Toyota,Yaris,Automatic,60000,2015,165000000
1083,Toyota,Yaris,Automatic,50000,2015,172000000
1087,Toyota,Yaris,Automatic,60000,2015,165000000
1052,Toyota,Yaris,Automatic,85000,2014,159000000
1098,Toyota,Yaris,Manual,65000,2014,151000000
1185,Toyota,Yaris,Manual,55000,2013,135000000
1802,Toyota,Yaris,Manual,75000,2013,125000000
20,Toyota,Yaris,Automatic,110000,2012,129500000
1421,Toyota,Yaris,Manual,85000,2012,124000000
1385,Toyota,Yaris,Manual,110000,2011,120000000
1882,Toyota,Yaris,Automatic,100000,2011,127000000
1226,Toyota,Yaris,Automatic,120000,2010,118000000
1599,Toyota,Yaris,Automatic,140000,2009,95000000
123,Toyota,Yaris,Manual,130000,2008,86000000
1332,Toyota,Yaris,Manual,45000,2008,106500000
1610,Toyota,Yaris,Manual,165000,2008,90000000
426,Toyota,Yaris,Automatic,200000,2007,98000000
1148,Toyota,Yaris,Automatic,180000,2007,103000000
1981,Toyota,Yaris,Automatic,50000,2006,94000000
786,Wuling,Almaz,Automatic,35000,2020,265000000
35,Wuling,Almaz,Automatic,20000,2019,273000000
418,Wuling,Almaz,Automatic,30000,2019,258000000
1794,Wuling,Almaz,Automatic,15000,2019,240000000
1795,Wuling,Almaz,Automatic,45000,2019,251000000
1823,Wuling,Almaz,Automatic,30000,2019,261000000
1930,Wuling,Almaz,Automatic,25000,2019,265000000
1964,Wuling,Almaz,Automatic,30000,2019,261000000
936,Wuling,Cortez,Automatic,25000,2020,191000000
695,Wuling,Cortez,Automatic,55000,2019,203000000
993,Wuling,Cortez,Manual,65000,2019,158000000
1951,Wuling,Cortez,Automatic,40000,2019,206000000
351,Wuling,Cortez,Automatic,65000,2018,183000000
995,Wuling,Cortez,Automatic,105000,2018,169000000
1082,Wuling,Cortez,Manual,45000,2018,160000000
1108,Wuling,Cortez,Automatic,105000,2018,169000000
1133,Wuling,Cortez,Automatic,105000,2018,169000000
1135,Wuling,Cortez,Automatic,105000,2018,169000000
